"Product ID [Non Editable]","Variant ID [Non Editable]","Product Type [Non Editable]","Product Page","Product URL","Title","Description","SKU","GTIN","MPN","Option Name 1","Option Value 1","Option Name 2","Option Value 2","Option Name 3","Option Value 3","Option Name 4","Option Value 4","Option Name 5","Option Value 5","Option Name 6","Option Value 6","Price","Sale Price","On Sale","Stock","Categories","Tags","Weight","Length","Width","Height","Visible","Hosted Image URLs"
"","","PHYSICAL","12inches","moxiebeat-moxiebeat-12","MOXIEBEAT - Moxiebeat (12"")","<p>For fans of:&nbsp;Ruptures, Cassilis and The Catalyst.</p><p><span>This one-sided 5-song vinyl is stunning, aurally and optically. This was voted in my top 10 EPs of 2013.</span></p><p><span>Amazing double-sided picdisc vinyl /500. 5 tracks.</span></p><p>Check them out live, here:<br /><span>http://openmindsaturatedbrain.blogspot.ca/2013/12/edhochuli-moxiebeat-creeper-faye-raegan.html</span></p>","SQ3091620","","","","","","","","","","","","","","","30.00","0.00","No","1","12""","","0.274","32.0","32.0","3.0","Yes","https://images.squarespace-cdn.com/content/v1/51f9e29ee4b0d46ee28f3709/1387644995190-3YMRXTAMKAX5PNU7ZC87/IMG_0366.JPG https://images.squarespace-cdn.com/content/v1/51f9e29ee4b0d46ee28f3709/1387644995152-OFOU2MOE0KGFUNJDBXEN/IMG_0367.JPG https://images.squarespace-cdn.com/content/v1/51f9e29ee4b0d46ee28f3709/1387644997499-N2JLQDMW5T7C789XLUDB/IMG_0369.JPG https://images.squarespace-cdn.com/content/v1/51f9e29ee4b0d46ee28f3709/1387644997015-UF6SFLJZXXF85OBIJ84N/IMG_0368.JPG"
"","","PHYSICAL","12inches","mourning-cloak-no-visible-light-12","MOURNING CLOAK - No Visible Light (12"")","<p style=""margin-left:0px; margin-right:0px; text-align:center""><strong>For fans of: Northless, Castle and Fall Of Efrafa.</strong></p><p style=""margin-left:0px; margin-right:0px"">North Carolina's MOURNING CLOAK drop three massive tracks of doomy, sludgy post-hardcore/metal in the vein of Light Bearer, Northless and Monuments Collapse.</p><p style=""margin-left:0px; margin-right:0px"">Black vinyl 12"" with a beautifully embossed cover. 3 songs.</p><p>Listen here:<br /><a target=""_blank"" href=""https://mourningcloaknc.bandcamp.com/"">https://mourningcloaknc.bandcamp.com/</a></p>","SQ9712428","","","","","","","","","","","","","","","15.00","0.00","No","1","12""","Mourning Cloak, No Visible Light, Graf Orlock, Ghostlimb, North Carolina, Adagio830, punk, rock, hardcore, metal, doom, sludge","0.279","32.0","32.0","2.0","Yes","https://images.squarespace-cdn.com/content/v1/51f9e29ee4b0d46ee28f3709/1427356270870-KGXT8P4BJ9ZZ9ADAHPM6/IMG_20150325_191212779.jpg"
"","","PHYSICAL","12inches","hashcut-please-do-it-yourself-12","HASHCUT - Please Do It Yourself (12"")","<p style=""margin-left:0px; margin-right:0px; text-align:center""><strong>For fans of: Old Man Gloom, Spires and Marnost</strong><strong>.</strong></p><p style=""margin-left:0px; margin-right:0px"">From France, Hashcut play sludgy hardcore with massive heaviness and atmospherics. This is some brutal shit.</p><p style=""margin-left:0px; margin-right:0px"">White 12"" vinyl with 2-sided lyric sheet that becomes a tear and puzzle poster.&nbsp;6 songs.</p><p>Listen here:<br /><a target=""_blank"" href=""https://hashcut.bandcamp.com/album/please-do-it-yourself"" rel=""noopener"">https://hashcut.bandcamp.com/album/please-do-it-yourself</a></p>","SQ5659810","","","","","","","","","","","","","","","15.00","0.00","No","1","12""","Hashcut, Please Do It To Yourself, 12"", LP, punk, rock, emo, screamo, hardcore, metal, sludge, post-metal, post-hardcore","0.279","32.0","32.0","4.0","Yes","https://images.squarespace-cdn.com/content/v1/51f9e29ee4b0d46ee28f3709/1455161337579-W1G3YLU7AZ2EX1KCEJOI/IMG_20160210_215922846.jpg https://images.squarespace-cdn.com/content/v1/51f9e29ee4b0d46ee28f3709/1455161337518-FLM1DWCV705B3WOTQFPS/IMG_20160210_215940852.jpg"
"","","PHYSICAL","12inches","high-water-high-water-12","HIGH WATER - High Water (12"")","<p><strong>For fans of: Dinosaur Jr., Sonic Youth and 90s grunge.</strong></p><p>90s garage/alternative rock with members from Ghostlimb! Released on Vitriol Records.</p><p>Black 12"" vinyl. 13 tracks.</p><p>Listen here:<br /><a target=""_blank"" href=""https://highwatersanmateo.bandcamp.com/album/high-water"" rel=""noopener"">https://highwatersanmateo.bandcamp.com/album/high-water</a></p>","SQ9008193","","","","","","","","","","","","","","","15.00","0.00","No","1","12""","High Water, Self Titled, 12"", punk, garage, alternative, rock, indie, Vitriol Records","0.3","32.0","32.0","4.0","Yes","https://images.squarespace-cdn.com/content/v1/51f9e29ee4b0d46ee28f3709/1459478951944-O5B365BF6MI3U5S0BK36/IMG_20160330_163503134.jpg"
"","","PHYSICAL","12inches","12inch-council","COUNCIL OF RATS - Coarse (12"")","<p style=""white-space: pre-wrap;"">ffo: Graf Orlock, Machina Genova and Cloud Rat</p><p style=""white-space: pre-wrap;"">Absolutely unreal, screamy, blazing, Italian hardcore. This record will destroy you. One of the best releases of 2017 for sure. Don't believe me? Jam it first here:</p><p style=""white-space: pre-wrap;""><a href=""https://councilofrats.bandcamp.com/album/coarse"" target=""_blank"" rel=""noopener"">https://councilofrats.bandcamp.com/album/coarse</a></p>","SQ6814845","","","Vinyl colour","Black","","","","","","","","","","","25.00","0.00","No","1","12""","12"", buy, zip, rar, punk, rock, hardcore, post-hardcore, skramz, emo-violence, metalcore, emo, metal, post-metal, black metal, math, chaos, screamo, Zegema Beach, Council Of Rats, Coarse","0.499","32.0","32.0","3.0","Yes","https://images.squarespace-cdn.com/content/v1/51f9e29ee4b0d46ee28f3709/1546067867099-PMS1KPSMZ9RIYMGE1ZKH/council.jpg"
"","","PHYSICAL","12inches","12inch-ez4nz","POTENCE - L'Amour Au Temps De La Peste (12"")","<p>POTENCE - L'Amour Au Temps De La Peste 12""LP</p><p>For fans of: Daïtro, Zann and Jungbluth. ONLY 1 COPY IN STOCK!!!</p><p>Daitro vocalist returns to hardcore with the blackened screamo/hardcore of POTENCE. This, their debut 12""LP is very rare in North America but I asked Tim from Dingleberry Records to save me 10. He was nice enough to send two alternate covers! This shit is unreal!!!</p><p>White 12"" vinyl with 2-sided screened jacket We have TWO alternate cover on brown in stead of white. 8 songs.</p><p>Listen here:</p><p><a href=""https://potence.bandcamp.com/album/lamour-au-temps-de-la-peste"" target=""_blank"" rel=""noopener"">https://potence.bandcamp.com/album/lamour-au-temps-de-la-peste</a></p>","SQ6686555","","","Vinyl colour","White","Cover colour","White","","","","","","","","","30.00","0.00","No","0","12""","12"", buy, zip, rar, punk, rock, hardcore, post-hardcore, skramz, emo-violence, metalcore, emo, metal, post-metal, black metal, math, chaos, screamo, Zegema Beach, Potence, L'Amour Au Temps De La Peste, Daitro, France","0.5","32.0","32.0","4.0","Yes","https://images.squarespace-cdn.com/content/v1/51f9e29ee4b0d46ee28f3709/1546070343666-D02YYW9LXU3HMXDD3W8S/potence.jpg"
"","","","","","","","SQ1157352","","","Vinyl colour","White","Cover colour","Brown","","","","","","","","","35.00","0.00","No","0","","","0.33","32.0","32.0","4.0","",""
"","","PHYSICAL","12inches","12inch-2r5cx","LOST BOYS - Fun (12"")","<p style=""white-space: pre-wrap;"">LOST BOYS - Fun 12""LP</p><p style=""white-space: pre-wrap;"">For fans of: Jungbluth, We Watch Clouds and Masada</p><p style=""white-space: pre-wrap;"">From OMSB review:</p><p style=""white-space: pre-wrap;"">""'Fun' opens with the jarring hardcore number ""schälen"" which doesn't even hit a minute before the sludgy, dark and screamy hardcore concludes. ""tischgebet"" is next and hits a killer slowdown and experimental shift from 50 seconds onward and it takes the cake as the best song, as those guitars are fucking awesome. ""every now and then"" opens with a purpose (as well as a catchy guitar progression) and drives home like a stake in the heart, but again incorporates some interesting stuff that kinda reminds me of Crows-An Wra but much more abrasive. ""Zufall"" is another sick tune with an expansive instrumental opening that detonates at 40 seconds not unlike some earlier Jungbluth material. At 1:19 the song hits full stride and it's mesmerizing, good god, so good. The rest of the songs are decent as well but the previous three that I just mentioned are my top guns, with ""punk singer"" taking top honours among the remaining tracks, reminding me of the dirty playfulness of Old Guard. Oh, also, ""vergebung (pt. 1)"" opens with a beautifully distorted riff that I could listen to on repeat all day.""</p><p style=""white-space: pre-wrap;"">Black or turquoise 12"" vinyl with insert. 10 songs.</p><p style=""white-space: pre-wrap;"">Listen here:</p><p style=""white-space: pre-wrap;""><a href=""https://ohsoverylost.bandcamp.com/album/fun"" target=""_blank"">https://ohsoverylost.bandcamp.com/album/fun</a></p>","SQ4144515","","","Vinyl colour","Black","","","","","","","","","","","15.00","0.00","No","1","12""","12"", buy, zip, rar, punk, rock, hardcore, post-hardcore, skramz, emo-violence, metalcore, emo, metal, post-metal, black metal, math, chaos, screamo, Zegema Beach, Lost Boys, Fun, Icorrupt","0.33","32.0","32.0","2.0","Yes","https://images.squarespace-cdn.com/content/v1/51f9e29ee4b0d46ee28f3709/1546071153077-3ERP8WIIGAL62GFUOQQ7/lost.jpg"
"","","","","","","","SQ4467391","","","Vinyl colour","Turqouise","","","","","","","","","","","16.00","0.00","No","1","","","0.33","32.0","32.0","2.0","",""
"","","PHYSICAL","12inches","12inch2-hjseb","DUCT HEARTS - Feathers (12"")","<p style=""white-space: pre-wrap;"">Lush, atmospheric, driving and epic post-hardcore with beautiful vocals. Daniel from this band also runs Time As A Color, a fantastic German label. Get this LP on cd or 12"".</p><p style=""white-space: pre-wrap;"">Listen here:</p><p style=""white-space: pre-wrap;""><a href=""https://timeasacolor.bandcamp.com/album/time-56-duct-hearts-feathers-lp"" target=""_blank"">https://timeasacolor.bandcamp.com/album/time-56-duct-hearts-feathers-lp</a></p>","SQ8033866","","","Vinyl colour","Black","","","","","","","","","","","15.00","0.00","No","1","12""","12"", buy, zip, rar, punk, rock, hardcore, post-hardcore, skramz, emo-violence, metalcore, emo, metal, post-metal, black metal, math, chaos, screamo, Zegema Beach, Duct Hearts, Feathers","0.33","32.0","32.0","2.0","Yes","https://images.squarespace-cdn.com/content/v1/51f9e29ee4b0d46ee28f3709/1546071466359-J24NCHD6KAXCW06BW06K/duct.jpg"
"","","PHYSICAL","12inches","doma12","['selvə] - D O M A (12"")","<p style=""white-space:pre-wrap;"" data-rte-preserve-empty=""true""><strong>For fans of: Portrayal Of Guilt, Hope Drone and Nic aka ██████.</strong></p><p style=""white-space:pre-wrap;"" data-rte-preserve-empty=""true"">This massive, swelling, intricate, crushing and beautiful album is only tracks, but they total over 25 minutes of screamo/black-metal/post-rock/post-hardcore. Seriously, this album has it all. Released on Shove Records. There is no North American label for this, so pick one up! ONLY 1 COPY IN STOCK!!!</p><p style=""white-space:pre-wrap;"" data-rte-preserve-empty=""true"">12” on black vinyl with insert. 2 songs.</p><p style=""white-space:pre-wrap;"" data-rte-preserve-empty=""true"">Listen here:<br><a target=""_blank"" href=""https://zegemabeachrecords.bandcamp.com/album/doma"">https://zegemabeachrecords.bandcamp.com/album/doma</a></p>","SQ8861564","","","Colour","Black","","","","","","","","","","","25.00","0.00","No","0","12""","punk, hardcore, powerviolence, metal, emo-violence, skram, post-hardcore, post-metal, 12"", Shove Records, Italy, ['selvə]","0.325","33.0","33.0","6.0","Yes","https://images.squarespace-cdn.com/content/v1/51f9e29ee4b0d46ee28f3709/1553408193560-8P568RQXUINRO2475TO8/20190323_181915.jpg https://images.squarespace-cdn.com/content/v1/51f9e29ee4b0d46ee28f3709/1553408193050-NNWLMXUO3JHK1KC4ITEP/20190323_182002.jpg"
"","","PHYSICAL","12inches","rwp12inch-jw9mx","MARNERO - Quando Vedrai Le Navi In Fiamme Sarà Giunta L'Ora (12"")","<p class="""" style=""white-space:pre-wrap;""><strong>For fans of: Aporia, Envy and Yo Sbraito.</strong></p><p class="""" style=""white-space:pre-wrap;"">Dark Italian hardcore/post-hardcore with epic screamo elements. Released on Shove Records.</p><p class="""" style=""white-space:pre-wrap;"">12” on black vinyl with lyric booklet and sticker. 10 songs.</p><p class="""" style=""white-space:pre-wrap;"">Listen here:<br><a href=""https://marnero.bandcamp.com/album/quando-vedrai-le-navi-in-fiamme-sar-giunta-lora"" target=""_blank"">https://marnero.bandcamp.com/album/quando-vedrai-le-navi-in-fiamme-sar-giunta-lora</a></p>","SQ8323381","","","Colour","Black","","","","","","","","","","","15.00","0.00","No","1","12""","punk, hardcore, powerviolence, metal, emo-violence, skram, post-hardcore, post-metal, 12"", Moment Of Collapse, Marnero, Italy, Quando Vedrai Le Navi In Fiamme Sarà Giunta L'Ora","0.325","33.0","33.0","6.0","Yes","https://images.squarespace-cdn.com/content/v1/51f9e29ee4b0d46ee28f3709/1561097074776-U4P8J9B9JBG96MPZG6J6/20190321_182320.jpg"
"","","PHYSICAL","12inches","mankukapak","MANKU KAPAK - .​.​.​Gegen Die Schwerkraft (12"")","<p class="""" style=""white-space:pre-wrap;""><strong>For fans of: La Quiete, Raein and Yage.</strong></p><p class="""" style=""white-space:pre-wrap;"">Great emotional hardcore/screamo from Germany. Released on Moment Of Collapse.</p><p class="""" style=""white-space:pre-wrap;"">12” on black vinyl with the biggest lyric insert/zine + envelope full of goodies that've ever seen. 11 songs.</p><p class="""" style=""white-space:pre-wrap;"">Listen here:<br><a href=""https://momentofcollapserecords.bandcamp.com/album/gegen-die-schwerkraft"" target=""_blank"">https://momentofcollapserecords.bandcamp.com/album/gegen-die-schwerkraft</a></p>","SQ4880215","","","Colour","Black","","","","","","","","","","","18.00","0.00","No","1","12""","punk, hardcore, powerviolence, metal, emo-violence, skram, post-hardcore, post-metal, 12"", Moment Of Collapse, .​.​.​Gegen Die Schwerkraft, Manku Kapak","0.325","33.0","33.0","6.0","Yes","https://images.squarespace-cdn.com/content/v1/51f9e29ee4b0d46ee28f3709/1561185563213-EYTMH4F74BAP9SC65W88/20190621_170144.jpg"
"","","PHYSICAL","12inches","potencele-culte-des-bourreaux","POTENCE - Le Culte Des Bourreaux (12"")","<p style=""white-space:pre-wrap;""><strong>For fans of: Drei Affen, Jungluth and Daitro.</strong></p><p style=""white-space:pre-wrap;"">POTENCE’s 2019 endeavor ‘Le Culte Des Bourreaux‘ is a dream…a dirty, screamy, crusty hardcore dream. Featuring the vocalist of French screamo gods Daitro, this band shreds and terrorizes instead of being emo. ONLY ONE COPY IN STOCK!!!</p><p style=""white-space:pre-wrap;"">12” on black vinyl with lyric insert. 8 songs.</p><p style=""white-space:pre-wrap;"">Listen here:<br /><a href=""https://potence.bandcamp.com/album/le-culte-des-bourreaux"" rel=""noopener"">https://potence.bandcamp.com/album/le-culte-des-bourreaux</a></p>","SQ7473227","","","Colour","Black","","","","","","","","","","","30.00","0.00","No","0","12""","punk, hardcore, powerviolence, metal, emo-violence, skram, post-hardcore, post-metal, 12"", Zegema Beach Records, Potence, Le Culte Des Bourreaux, France, Daitro","0.499","33.0","33.0","2.0","Yes","https://images.squarespace-cdn.com/content/v1/51f9e29ee4b0d46ee28f3709/1565837400353-0682A9IMEGC7KJVUMV93/20190814_092140.jpg https://images.squarespace-cdn.com/content/v1/51f9e29ee4b0d46ee28f3709/1565837397716-6LW46DM4DZG2SQCB6XY9/20190814_092206.jpg"
"","","PHYSICAL","12inches","osoluna","OSOLUNA - S/T 2014 (12"")","<p style=""white-space:pre-wrap;""><strong>For fans of: Guidelines, Drei Affen and Welcome The Plague Year.</strong></p><p style=""white-space:pre-wrap;"">Dark and brooding screamo from Spain, pre-Drei Affen. Truly spectacular, just a bit more post-hardcore. ONLY 1 COPY IN STOCK!!!</p><p style=""white-space:pre-wrap;"">12” on black vinyl with lyric insert. 8 songs.</p><p style=""white-space:pre-wrap;"">Listen here:<br /><a href=""https://osoluna.bandcamp.com/album/s-t-2014"" rel=""noopener"">https://osoluna.bandcamp.com/album/s-t-2014</a></p>","SQ4826574","","","Colour","Black","","","","","","","","","","","30.00","0.00","No","0","12""","punk, hardcore, powerviolence, metal, emo-violence, skram, post-hardcore, post-metal, 12"", Zegema Beach Records, OsoLuna, self title, 2014, Spain, Drei Affen","0.499","33.0","33.0","2.0","Yes","https://images.squarespace-cdn.com/content/v1/51f9e29ee4b0d46ee28f3709/1565836925057-L8WK1WCFWE2MLEU74EIJ/20190814_092038.jpg"
"","","PHYSICAL","12inches","eyeletnerve","EYELET - Nervewracker (12"")","<p style=""white-space:pre-wrap;""><strong>For fans of: Old Soul, Niboowin and Crowning.</strong></p><p style=""white-space:pre-wrap;"">Fantastic deubt LP from Baltimore’s EYELET. Featuring ex-members of The Usual mixing screamo with awesome melodies and numerous screamers, creating some serious jams.</p><p style=""white-space:pre-wrap;"">12” on black vinyl with lyric insert. 10 songs.<br /><br />Listen here:<br /><a href=""https://eyelet.bandcamp.com/album/nervewracker-3"" rel=""noopener"">https://eyelet.bandcamp.com/album/nervewracker-3</a></p>","SQ0302467","","","Colour","Black","","","","","","","","","","","40.00","0.00","No","1","12""","punk, hardcore, powerviolence, metal, emo-violence, skram, post-hardcore, post-metal, 12"", Zegema Beach Records","0.499","33.0","33.0","3.0","Yes","https://images.squarespace-cdn.com/content/v1/51f9e29ee4b0d46ee28f3709/1566709716925-T0GB3JVCE05CIR3N8CDF/20190824_174515.jpg https://images.squarespace-cdn.com/content/v1/51f9e29ee4b0d46ee28f3709/1566709719266-YBO0V9SMZJPUEIANEOBK/20190824_174537.jpg"
"","","PHYSICAL","12inches","gauradevi","GAURA DEVI - Gaura Devi (12"")","<p class="""" style=""white-space:pre-wrap;"">For fans of: Anteros, Boneflower and Viva Belgrado</p><p class="""" style=""white-space:pre-wrap;"">Beautifully epic screamo/post-hardcore from Spain. ONLY 1 COPY IN STOCK!!!<br><br>12"" black vinyl with insert. 4 songs.</p><p class="""" style=""white-space:pre-wrap;"">Listen here:<br><a href=""https://gauradevi.bandcamp.com/releases"">https://gauradevi.bandcamp.com/releases</a></p>","SQ5310256","","","Vinyl colour","Black","","","","","","","","","","","15.00","0.00","No","1","12""","12"", buy, zip, rar, punk, rock, hardcore, post-hardcore, skramz, emo-violence, metalcore, emo, metal, post-metal, black metal, math, chaos, screamo, Zegema Beach, Gaura Devi, self titled","0.33","32.0","32.0","4.0","Yes","https://images.squarespace-cdn.com/content/v1/51f9e29ee4b0d46ee28f3709/1573797450443-2ESJ8OUACBY8U7DS1BYD/20191114_145425.jpg"
"","","PHYSICAL","12inches","karbk","Кальк - Олень на вершине холма (12"")","<p class="""" style=""white-space:pre-wrap;"">The sensational new album from Кальк. These 12 jams are the perfect cross-section between Drei Affen and synthy Mass Movement Of The Moth. One of the best albums of 2020, hands down. Well done, Icorrupt. Well done.</p><p class="""" style=""white-space:pre-wrap;"">12” on black vinyl with lyric insert. 12 songs.</p><p class="""" style=""white-space:pre-wrap;"">Listen here:<br><a href=""https://icorruptrecords.bandcamp.com/album/-"" target=""_blank"">https://icorruptrecords.bandcamp.com/album/-</a></p>","SQ6415207","","","Colour","Black","","","","","","","","","","","20.00","0.00","No","1","12""","punk, hardcore, powerviolence, metal, emo-violence, skram, post-hardcore, post-metal, 12"", screamo, Zegema Beach, Кальк, Олень на вершине холма, Icorrupt, synth","0.325","33.0","33.0","2.0","Yes","https://images.squarespace-cdn.com/content/v1/51f9e29ee4b0d46ee28f3709/1602313211045-Z8D33IOS2APD0XSJTZAG/IMG_5427.JPG"
"","","PHYSICAL","12inches","ikaray","IKARAY - No Borders (12"")","<p class="""" style=""white-space:pre-wrap;""><strong>For fans of: Amenra and Hope Drone.</strong></p><p class="""" style=""white-space:pre-wrap;"">Phenomenal LP from this Chicago band, featuring a member of our very own Crowning! Very Amenra, so very sick. Self-released!</p><p class="""" style=""white-space:pre-wrap;"">12” on black vinyl with lyric insert, sealed. 7 songs.</p><p class="""" style=""white-space:pre-wrap;"">Listen here:<br><a href=""https://ikaraydoom.bandcamp.com/album/no-borders"" target=""_blank"">https://ikaraydoom.bandcamp.com/album/no-borders</a></p>","SQ1643512","","","Colour","Black","","","","","","","","","","","20.00","0.00","No","1","12""","punk, hardcore, powerviolence, metal, emo-violence, skram, post-hardcore, post-metal, 12"", screamo, Zegema Beach, skramz, noise rock, blackened, blackened screamo, Ikaray, Doom, Chicago, Crowning, No Borders","0.325","33.0","33.0","2.0","Yes","https://images.squarespace-cdn.com/content/v1/51f9e29ee4b0d46ee28f3709/1606983662146-WBJK19JTO11U7TJEPN92/IMG_5571.JPG"
"","","PHYSICAL","12inches","12-hnwkn","MARMORE - Cars Were Supposed To Fly By Now (12"")","<p class="""" style=""white-space:pre-wrap;""><strong>For fans of: Russian Circles and Explosions In The Sky.</strong></p><p class="""" style=""white-space:pre-wrap;"">Massively overlooked instru-metal from Turin, Italy. Released on Dingleberry Records.</p><p class="""" style=""white-space:pre-wrap;"">12” on black vinyl. 4 songs.</p><p class="""" style=""white-space:pre-wrap;"">Listen here:<br><a href=""https://marmore.bandcamp.com/album/cars-were-supposed-to-fly-by-now"" target=""_blank"">https://marmore.bandcamp.com/album/cars-were-supposed-to-fly-by-now</a></p>","SQ7752271","","","Colour","Black","","","","","","","","","","","18.00","0.00","No","1","12""","punk, hardcore, powerviolence, metal, emo-violence, skram, post-hardcore, post-metal, 12"", screamo, Zegema Beach, skramz, noise, noise rock, blackened, blackened screamo, Dingleberry Records, Germany, Marmore, Cars Were Supposed To Fly By Now, instru-metal, instrumental","0.325","33.0","33.0","2.0","Yes","https://images.squarespace-cdn.com/content/v1/51f9e29ee4b0d46ee28f3709/1618354063673-JIDH9MYCTNTLLC69AHQ6/20210410_223504.jpg"
"","","PHYSICAL","12inches","kollapsed","A FLOWER KOLLAPSED - Orsago (12"")","<p style=""white-space:pre-wrap;""><strong>For fans of: Capsule and Eaglehaslanded.</strong></p><p style=""white-space:pre-wrap;"">Very techy screamo from Italy.</p><p style=""white-space:pre-wrap;"">12” on black vinyl with silkscreened b-side. 10 songs.</p><p style=""white-space:pre-wrap;"">Listen here:<br /><a href=""https://aflowerkollapsed.bandcamp.com/album/orsago"" target=""_blank"" rel=""noopener"">https://aflowerkollapsed.bandcamp.com/album/orsago</a></p>","SQ2765123","","","Colour","Black","","","","","","","","","","","22.00","0.00","No","1","12""","punk, hardcore, powerviolence, metal, emo-violence, skram, post-hardcore, post-metal, 12"", screamo, Zegema Beach, skramz, noise, noise rock, blackened, blackened screamo, A Flower Kollapsed, Orsago","0.5","33.0","33.0","2.0","Yes","https://images.squarespace-cdn.com/content/v1/51f9e29ee4b0d46ee28f3709/1619588188928-HG9GWT24XG27WNVFZ96Q/20210411_204735.jpg"
"","","PHYSICAL","12inches","pettersson","PETTERSSON - Rift and Seam (12"")","<p style=""white-space:pre-wrap;""><strong>For fans of: Via Fondo and Vi Som Alskade Varandra Sa Mycket.</strong></p><p style=""white-space:pre-wrap;"">Gorgeous and moving screamo/post-hardcore from Vienna.</p><p style=""white-space:pre-wrap;"">12” on black vinyl with lyric insert. 8 songs.</p><p style=""white-space:pre-wrap;"">Listen here:<br /><a href=""https://pettersson.bandcamp.com/album/rift-and-seam"" target=""_blank"" rel=""noopener"">https://pettersson.bandcamp.com/album/rift-and-seam</a></p>","SQ8644087","","","Colour","Black","","","","","","","","","","","30.00","0.00","No","0","12""","punk, hardcore, powerviolence, metal, emo-violence, skram, post-hardcore, post-metal, 12"", screamo, Zegema Beach, skramz, noise, noise rock, blackened, blackened screamo, Pettersson, Rift and Seam","0.499","33.0","33.0","2.0","Yes","https://images.squarespace-cdn.com/content/v1/51f9e29ee4b0d46ee28f3709/1620186366013-FT8ROIAZF6O8MUUXGE98/20210428_225106.jpg https://images.squarespace-cdn.com/content/v1/51f9e29ee4b0d46ee28f3709/1620186367557-RO1F377CAL8BDZ9VEZBD/20210428_225115.jpg"
"","","PHYSICAL","12inches","rodin","LOCKTENDER - Rodin (12"")","<p style=""white-space:pre-wrap;""><strong>For fans of: Respire and Men As Trees.</strong></p><p style=""white-space:pre-wrap;"">The most epic post-hardcore/post-metal/post-rock album I’ve ever heard, with a tad of Envy thrown in for good measure. Released on Icorrupt Records.</p><p style=""white-space:pre-wrap;"">12” on white vinyl with gatefold lyrics. 4 songs.</p><p style=""white-space:pre-wrap;"">Listen here:<br /><a href=""https://icorruptrecords.bandcamp.com/album/rodin"" target=""_blank"" rel=""noopener"">https://icorruptrecords.bandcamp.com/album/rodin</a></p>","SQ1266262","","","Colour","White","","","","","","","","","","","20.00","0.00","No","1","12""","punk, hardcore, powerviolence, metal, emo-violence, skram, post-hardcore, post-metal, 12"", screamo, Zegema Beach, skramz, noise, noise rock, blackened, blackened screamo, Locktender, Rodin","0.325","33.0","33.0","2.0","Yes","https://images.squarespace-cdn.com/content/v1/51f9e29ee4b0d46ee28f3709/1620186963037-Z2FFBR1TIW4DKL27OFXW/20210428_225608.jpg https://images.squarespace-cdn.com/content/v1/51f9e29ee4b0d46ee28f3709/1620186963153-MA4ETXXHOYD6CRH45E64/20210428_225651.jpg"
"","","PHYSICAL","12inches","grandtrompe","GRAND TERMINAL -  Trompe​-​l'oeil (12"")","<p class="""" style=""white-space:pre-wrap;"">More French goodness in the vein of Baton Rouge and 12XU. Released on Dingleberry Records.</p><p class="""" style=""white-space:pre-wrap;"">12” on black vinyl with lyric insert. 9 songs.</p><p class="""" style=""white-space:pre-wrap;"">Listen here:<br><a href=""https://grandterminal.bandcamp.com/album/trompe-loeil"" target=""_blank"">https://grandterminal.bandcamp.com/album/trompe-loeil</a></p>","SQ4347535","","","Colour","Black","","","","","","","","","","","18.00","0.00","No","1","12""","punk, hardcore, powerviolence, metal, emo-violence, skram, post-hardcore, post-metal, 12"", screamo, Zegema Beach, skramz, noise, noise rock, blackened, blackened screamo, Trompe​-​l'oeil, Grand Terminal","0.325","33.0","33.0","2.0","Yes","https://images.squarespace-cdn.com/content/v1/51f9e29ee4b0d46ee28f3709/1620195242954-E8H523BMJB5R924N58DW/20210503_232843.jpg"
"","","PHYSICAL","12inches","12-hiraki","HIRAKI - Stumbling Through the Walls (12"")","<p style=""white-space:pre-wrap;""><strong>For fans of: Eaglehaslanded and An Albatross.</strong></p><p style=""white-space:pre-wrap;"">Warped, fucked, and groovy, this Denmark trio makes very sick screamy hardcore with electronic elements. ONLY 1 COPY IN STOCK!!!</p><p style=""white-space:pre-wrap;"">12” on clear vinyl with lyric inner jacket. 8 songs.</p><p style=""white-space:pre-wrap;"">Listen here:<br /><a href=""https://hirakiband.bandcamp.com/album/stumbling-through-the-walls"" target=""_blank"" rel=""noopener"">https://hirakiband.bandcamp.com/album/stumbling-through-the-walls</a></p>","SQ5317120","","","Sealed?","Sealed","","","","","","","","","","","22.50","0.00","No","2","12""","punk, hardcore, powerviolence, metal, emo-violence, skram, post-hardcore, post-metal, 12"", screamo, Zegema Beach, skramz, noise, noise rock, blackened, blackened screamo, black metal, rock, emo violence, zegema, zegema beach, Hiraki, Stumbling Through the Walls","0.419","33.0","33.0","2.0","Yes","https://images.squarespace-cdn.com/content/v1/51f9e29ee4b0d46ee28f3709/1637369527459-N3CJOFB63OP94GN7QMHC/20211116_154718.jpg"
"","","PHYSICAL","12inches","12-nordsindlys","NORDSIND - Lys (12"")","<p class="""" style=""white-space:pre-wrap;""><strong>For fans of: Explosions In The Sky and Pelican.</strong></p><p class="""" style=""white-space:pre-wrap;"">Gatefold vinyl of this amazing Danish instru-metal band. ONLY 1 COPY IN STOCK!!!</p><p class="""" style=""white-space:pre-wrap;"">Gatefold 12” on black vinyl. 8 songs.</p><p class="""" style=""white-space:pre-wrap;"">Listen here:<br><a href=""https://nordsind.bandcamp.com/album/lys"" target=""_blank"">https://nordsind.bandcamp.com/album/lys</a></p>","SQ5584318","","","Colour","Black","","","","","","","","","","","25.00","0.00","No","1","12""","punk, hardcore, powerviolence, metal, emo-violence, skram, post-hardcore, post-metal, 12"", screamo, Zegema Beach, skramz, noise, noise rock, blackened, blackened screamo, black metal, rock, emo violence, zegema, zegema beach, instru-metal, Norsind, Lys, Denmark","0.419","33.0","33.0","2.0","Yes","https://images.squarespace-cdn.com/content/v1/51f9e29ee4b0d46ee28f3709/1637378429094-Q64VAI4MOI0N60XB85IG/20211116_154454.jpg"
"","","PHYSICAL","12inches","12-kollapse","KOLLAPSE - Sult (12"")","<p class="""" style=""white-space:pre-wrap;""><strong>For fans of: AmenRa and Lightbearer.</strong></p><p class="""" style=""white-space:pre-wrap;"">Massive Danish post-metal in the vein of Fall Of Efrafa. Amazing art. ONLY 1 COPY IN STOCK!!!</p><p class="""" style=""white-space:pre-wrap;"">12” on black vinyl with gatefold jacket. 6 songs.</p><p class="""" style=""white-space:pre-wrap;"">Listen here:<br><a href=""https://kollapse.bandcamp.com/album/sult"" target=""_blank"">https://kollapse.bandcamp.com/album/sult</a></p>","SQ8772174","","","Colour","Black","","","","","","","","","","","25.00","0.00","No","1","12""","punk, hardcore, powerviolence, metal, emo-violence, skram, post-hardcore, post-metal, 12"", screamo, Zegema Beach, skramz, noise, noise rock, blackened, blackened screamo, black metal, rock, emo violence, zegema, zegema beach, Kollapse, Sult, Denmark","0.419","33.0","33.0","2.0","Yes","https://images.squarespace-cdn.com/content/v1/51f9e29ee4b0d46ee28f3709/1637378584823-61W1GYQGRE75OUHL0HRU/20211116_154320.jpg"
"","","PHYSICAL","12inches","12-botfly","BOTFLY - Lower Than Love (12"")","<p class="""" style=""white-space:pre-wrap;""><strong>For fans of: Ken Mode and Nerver.</strong></p><p class="""" style=""white-space:pre-wrap;"">Dark post-hardcore with massive bass lots of varied vocals. ONLY 1 COPY IN STOCK!!! Released on No Funeral Records.</p><p class="""" style=""white-space:pre-wrap;"">12” on pink/maroon vinyl with lyric insert. 11 songs.</p><p class="""" style=""white-space:pre-wrap;"">Listen here:<br><a href=""https://nofuneralsound.bandcamp.com/album/lower-than-love"" target=""_blank"">https://nofuneralsound.bandcamp.com/album/lower-than-love</a></p>","SQ5256575","","","Colour","Pink/Maroon","","","","","","","","","","","20.00","0.00","No","0","12""","punk, hardcore, powerviolence, metal, emo-violence, skram, post-hardcore, post-metal, 12"", screamo, Zegema Beach, skramz, noise, noise rock, blackened, blackened screamo, black metal, rock, emo violence, zegema, zegema beach, Botfly, Lower Than Love, No Funeral Records","0.419","33.0","33.0","2.0","Yes","https://images.squarespace-cdn.com/content/v1/51f9e29ee4b0d46ee28f3709/1645684821676-4PVUQDAMSIWIU1R29NIQ/botfly.jpg"
"","","","","","","","SQ7954065","","","Colour","Green","","","","","","","","","","","20.00","0.00","No","1","","","0.419","33.0","33.0","2.0","",""
"","","PHYSICAL","12inches","12dingle-keeponliving","KEEP ON LIVING - A Light At The End (12"")","<p><strong>For fans of: Trainwreck and Kollapse.</strong></p><p>Sick metallic hardcore from France. Released on Dingleberry Records. ONLY 1 COPY IN STOCK!!!</p><p>12” on black vinyl. 7 songs.</p><p>Listen here:<br /><a href=""https://keeponliving.bandcamp.com/album/a-light-at-the-end"" target=""_blank"" rel=""noopener"">https://keeponliving.bandcamp.com/album/a-light-at-the-end</a></p>","SQ4315804","","","Colour","Black","","","","","","","","","","","20.00","0.00","No","1","12""","punk, hardcore, powerviolence, metal, emo-violence, skram, post-hardcore, post-metal, 12"", screamo, Zegema Beach, skramz, noise, noise rock, blackened, blackened screamo, black metal, rock, emo violence, zegema, zegema beach, Dingleberry, Keep On Living, A Light At The End, France","0.419","33.0","33.0","2.0","Yes","https://images.squarespace-cdn.com/content/v1/51f9e29ee4b0d46ee28f3709/1648747421056-1MOCIX5QFM27ACJTRY2D/keep1.jpg https://images.squarespace-cdn.com/content/v1/51f9e29ee4b0d46ee28f3709/1648747431184-2K5CVNK325QX36TVRT83/keep2.jpg"
"","","PHYSICAL","12inches","12dingle-detar","DET ÄR DÄRFÖR VI BYGGER STÄDER - Nya Slussen (12"")","<p class=""""><strong>For fans of: Nya Städer</strong> <strong>and </strong><span style=""color: rgb(5, 4, 21)"">¡Silencio, Ahora, Silencio!</span><strong>.</strong></p><p class="""">Wonky, disjointed and awesome Swedish screamo from members of Nya Städer and Careless. Released on Dingleberry Records. ONLY 1 COPY IN STOCK!!!</p><p class="""">12” on black vinyl with lyric insert. 11 songs.</p><p class="""">Listen here:<br><a href=""https://dogknightsproductions.bandcamp.com/album/lhl019-det-r-d-rf-r-vi-bygger-st-der-nya-slussen-lp"" target=""_blank"">https://dogknightsproductions.bandcamp.com/album/lhl019-det-r-d-rf-r-vi-bygger-st-der-nya-slussen-lp</a></p>","SQ7660005","","","Colour","Black","","","","","","","","","","","20.00","0.00","No","1","12""","punk, hardcore, powerviolence, metal, emo-violence, skram, post-hardcore, post-metal, 12"", screamo, Zegema Beach, skramz, noise, noise rock, blackened, blackened screamo, black metal, rock, emo violence, zegema, zegema beach, Dingleberry, Nya Slussen, Det Ar Darfor Vi Bygger Stader, Det är därför vi bygger städer","0.419","33.0","33.0","2.0","Yes","https://images.squarespace-cdn.com/content/v1/51f9e29ee4b0d46ee28f3709/1648778491634-Z8ZXDS16OOC7LLRJB0M4/det+1.jpg https://images.squarespace-cdn.com/content/v1/51f9e29ee4b0d46ee28f3709/1648778492855-7VUBZJ5W9ZAEAY66I5WK/det+ar.jpg"
"","","PHYSICAL","12inches","12dingle-anna","ANNA SAGE - Downward Motion (12"")","<p><strong>For fans of: Lyed and The Bled.</strong></p><p>The predecessor to 2022’s astounding self titled album is 2018’s ‘Downward Motion’, a very chaotic and abrasive affair that fans of extreme music will be all over. Released on Dingleberry Records.</p><p>12” on black vinyl with lyric insert. 5 songs.</p><p>Listen here:<br /><a href=""https://annasage.bandcamp.com/album/downward-motion"" target=""_blank"" rel=""noopener"">https://annasage.bandcamp.com/album/downward-motion</a></p>","SQ2460072","","","Colour","Black","","","","","","","","","","","20.00","0.00","No","1","12""","punk, hardcore, powerviolence, metal, emo-violence, skram, post-hardcore, post-metal, 12"", screamo, Zegema Beach, skramz, noise, noise rock, blackened, blackened screamo, black metal, rock, emo violence, zegema, zegema beach, Dingleberry, Anna Sage, Downward Motion","0.419","33.0","33.0","2.0","Yes","https://images.squarespace-cdn.com/content/v1/51f9e29ee4b0d46ee28f3709/1648786833999-4ZYSGNQIDIA46YMEUCDU/Anna.jpg"
"","","PHYSICAL","12inches","anchor3","ANCHORESS - Set Sail (12"")","<p><strong>For fans of: Million Dead and Marathon.</strong></p><p>Gorgeous, infectious, heavy post-hardcore from Vancouver. ONLY 1 COPY IN STOCK!!!</p><p>12” on transparent green vinyl. 11 songs.</p><p>Listen here:<br /><a href=""https://anchoress.bandcamp.com/album/set-sail"" target=""_blank"" rel=""noopener"">https://anchoress.bandcamp.com/album/set-sail</a></p>","SQ6320734","","","Colour","Transparent Green","","","","","","","","","","","20.00","0.00","No","1","12""","punk, hardcore, powerviolence, metal, emo-violence, skram, post-hardcore, post-metal, 12"", screamo, Zegema Beach, skramz, noise, noise rock, blackened, blackened screamo, black metal, rock, emo violence, zegema, zegema beach, Anchoress, Vancouver, BC, Set Sail","0.419","33.0","33.0","2.0","Yes","https://images.squarespace-cdn.com/content/v1/51f9e29ee4b0d46ee28f3709/1650688830947-EIYKQ2R1O975GVA0RMM9/anchor+set+sail.jpg"
"","","PHYSICAL","12inches","12-d3j7b","DAMASCO - Hamartia (12"")","<p class=""""><strong>For fans of: Storm{o} and Die Abete.</strong></p><p class="""">Beautifully packaged Spanish destruction somewhere between noise rock, post-hardcore, and screamo. Released on Dingleberry Records.</p><p class="""">12” on black vinyl with lyric insert. 7 songs.</p><p class="""">Listen here:<br><a href=""https://damascobcn.bandcamp.com/album/hamartia-2"" target=""_blank"">https://damascobcn.bandcamp.com/album/hamartia-2</a></p>","SQ7264104","","","Colour","Black","","","","","","","","","","","20.00","0.00","No","1","12""","punk, hardcore, powerviolence, metal, emo-violence, skram, post-hardcore, post-metal, 12"", screamo, Zegema Beach, skramz, noise, noise rock, blackened, blackened screamo, black metal, rock, emo violence, zegema, zegema beach, Damasco, Hamartia, Spain","0.419","33.0","33.0","2.0","Yes","https://images.squarespace-cdn.com/content/v1/51f9e29ee4b0d46ee28f3709/1666827438693-I01T1DMYHDMBYFXUL1SQ/damasco.jpg"
"","","PHYSICAL","12inches","12-mglrk","NESSEL - Gestalt (12"")","<p><strong>For fans of: Thurm and Amber.</strong></p><p>Unreal debut EP from Germany’s NESSEL and our friend Anna from Amber aka ZBR001! Released on Icorrupt Records.</p><p>12” on blue splatter or red vinyl with lyric insert. 7 songs.</p><p>Listen here:<br /><a href=""https://nessel.bandcamp.com/album/gestalt"" target=""_blank"" rel=""noopener"">https://nessel.bandcamp.com/album/gestalt</a></p>","SQ7345022","","","Colour","Blue Splatter","","","","","","","","","","","27.50","0.00","No","0","12""","punk, hardcore, powerviolence, metal, emo-violence, skram, post-hardcore, post-metal, 12"", screamo, Zegema Beach, skramz, noise, noise rock, blackened, blackened screamo, black metal, rock, emo violence, zegema, zegema beach, Nessel, Gestalt, Germany","0.419","33.0","33.0","2.0","Yes","https://images.squarespace-cdn.com/content/v1/51f9e29ee4b0d46ee28f3709/1666829337336-IVZRIGAJGYZ9OVT2EP17/nessel.jpg"
"","","","","","","","SQ6328526","","","Colour","Red","","","","","","","","","","","27.50","0.00","No","2","","","0.419","33.0","33.0","2.0","",""
"","","PHYSICAL","12inches","12-5b4fl","BETWEEN BODIES - Electric Sleep (12"")","<p class=""""><strong>For fans of: Victor Shores and You’ll Live.</strong></p><p class="""">An awesome punk/post-hardcore/pop-punk/emo mixture. Released on Icorrupt Records. ONLY 1 COPY IN STOCK!!!</p><p class="""">12” on clear w/turqoise smoke vinyl with gatefold cover. 11 songs.</p><p class="""">Listen here:<br><a href=""https://icorruptrecords.bandcamp.com/album/electric-sleep"" target=""_blank"">https://icorruptrecords.bandcamp.com/album/electric-sleep</a></p>","SQ2136174","","","Colour","Turquoise","","","","","","","","","","","30.00","0.00","No","1","12""","punk, hardcore, powerviolence, metal, emo-violence, skram, post-hardcore, post-metal, 12"", screamo, Zegema Beach, skramz, noise, noise rock, blackened, blackened screamo, black metal, rock, emo violence, zegema, zegema beach, Electric Sleep, Between Bodies","0.419","33.0","33.0","2.0","Yes","https://images.squarespace-cdn.com/content/v1/51f9e29ee4b0d46ee28f3709/1666830399876-D6VXSDQACOC12OXGD0PQ/between+bodies+gatefold.jpg"
"","","PHYSICAL","12inches","12-6lky9","CONTRACTIONS - Demain est annulé (12"")","<p style=""text-align:start;"" class="""">FFO: Baton Rouge and 12XU</p><p style=""text-align:start;"" class="""">French garage rock...may or may not be ex-Daitro cuz goddamn that sounds like Baton Rouge and 12XU. Shrinkwrapped 12"" vinyl (green I think). ONLY 1 IN STOCK!!!</p><p style=""text-align:start;"" class="""">Listen here:<br><a href=""https://contractions.bandcamp.com/album/demain-est-annul"" target=""_blank"">https://contractions.bandcamp.com/album/demain-est-annul</a></p>","SQ1320598","","","Colour","Green (shrinkwrapped)","","","","","","","","","","","20.00","0.00","No","1","12""","punk, hardcore, powerviolence, metal, emo-violence, skram, post-hardcore, post-metal, 12"", screamo, Zegema Beach, skramz, noise, noise rock, blackened, blackened screamo, black metal, rock, emo violence, zegema, zegema beach, Demain est annulé, Contractions, France","0.419","33.0","33.0","2.0","Yes","https://images.squarespace-cdn.com/content/v1/51f9e29ee4b0d46ee28f3709/1666842080695-G6RKBUIF6OCRUKM7SV82/contractions.jpg"
"","","PHYSICAL","12inches","fierce","FIERCE - Eclipses from the Duat (12"")","<p><strong>For fans of: Rotting In Dirt and Gaza.</strong></p><p>Rabid, evil, blackened hardcore/metal from Italy. Awesome shiny cover and insert. Released on Shove Records.</p><p>12” on black or red vinyl with lyric insert. 6 songs.</p><p>Listen here:<br /><a href=""https://nobeastssofierce.bandcamp.com/album/eclipses-from-the-duat"" target=""_blank"" rel=""noopener"">https://nobeastssofierce.bandcamp.com/album/eclipses-from-the-duat</a></p>","SQ6685430","","","Colour","Black","","","","","","","","","","","22.00","0.00","No","2","12""","punk, hardcore, powerviolence, metal, emo-violence, skram, post-hardcore, post-metal, 12"", screamo, Zegema Beach, skramz, noise, noise rock, blackened, blackened screamo, black metal, rock, emo violence, zegema, zegema beach, Big Stuff Thing, Fierce, Eclipses from the Duat, Italy","0.419","33.0","33.0","2.0","Yes","https://images.squarespace-cdn.com/content/v1/51f9e29ee4b0d46ee28f3709/1672106703467-4LB3NJPT3F2ABGNTUI6K/Fierce.jpg"
"","","","","","","","SQ5317053","","","Colour","Red","","","","","","","","","","","22.00","0.00","No","0","","","0.419","33.0","33.0","2.0","",""
"","","PHYSICAL","12inches","encorefou","ENCORE FOU - Il numero undici (12"")","<p class=""""><strong>For fans of: Union Of Uranus and Acme.</strong></p><p class="""">Originally released back in 2000 on cd, this classic Italian Bremen-esque emo/screamo record has been remastered and gingerly pressed onto 300 transparent copies. We snagged five across our two stores. Released on Shove Records.</p><p class="""">12” on clear vinyl with incredibel lyric booklet. 8 songs.</p><p class="""">Listen here:<br><a href=""https://shoverec.bandcamp.com/album/il-numero-undici-remaster-2022"" target=""_blank"">https://shoverec.bandcamp.com/album/il-numero-undici-remaster-2022</a></p>","SQ7077825","","","Colour","Clear","","","","","","","","","","","22.00","0.00","No","1","12""","punk, hardcore, powerviolence, metal, emo-violence, skram, post-hardcore, post-metal, 12"", screamo, Zegema Beach, skramz, noise, noise rock, blackened, blackened screamo, black metal, rock, emo violence, zegema, zegema beach, Big Stuff Thing, Encore Fou, Il numero undici, remaster, 2000, 2022, Shove Records","0.419","33.0","33.0","2.0","Yes","https://images.squarespace-cdn.com/content/v1/51f9e29ee4b0d46ee28f3709/1672108444605-FN0LW8HII6EIL5CCWI4U/Encore+Fou.jpg"
"","","PHYSICAL","12inches","glassing-55d9z","GLASSING - Spotted Horse (12""LP)","<p class="""" style=""text-align: center; ; white-space:pre-wrap;"" data-rte-preserve-empty=""true"">GLASSING - ‘Spotted Horse’ 12”LP</p><p class="""" style=""white-space:pre-wrap;"" data-rte-preserve-empty=""true"">For fans of:<strong> Olam, These Arms Are Snakes and Cave In.</strong></p><p class="""" style=""white-space:pre-wrap;"" data-rte-preserve-empty=""true"">GLASSING's 'Spotted Horse' was one of the best albums of 2019, so we thought it only fitting to make some kickass swirl tapes for such a kickass release. Beautifully gelling massive post-hardcore, frenzied screaming, and ethereal atmospherics, Austin's three-piece boast 10 stellar, honed jams on this debut LP. Released by Brutal Panda Records. ONLY 1 COPY IN STOCK!!!</p><p class="""" style=""white-space:pre-wrap;"" data-rte-preserve-empty=""true"">Listen here:<br><a target=""_blank"" href=""https://zegemabeachrecords.bandcamp.com/album/spotted-horse"">https://zegemabeachrecords.bandcamp.com/album/spotted-horse</a></p>","SQ5813418","","","","","","","","","","","","","","","30.00","0.00","No","1","Cassette","punk, rock, hardcore, screamo, skramz, powerviolence, metal, chaos, Zegema Beach Records, post-hardcore, compilation, post-metal, cassette, tape, emo-violence, emoviolence, blackened screamo, post-rock, Glassing, Austin, Texas, Brutal Panda, Medication Time, swirl","0.499","32.0","32.0","2.0","Yes","https://images.squarespace-cdn.com/content/v1/51f9e29ee4b0d46ee28f3709/c2f18e87-5858-4e5c-83af-89a35d77e1e4/glassing.jpg https://images.squarespace-cdn.com/content/v1/51f9e29ee4b0d46ee28f3709/1604644808710-E49OFFHR8WS725CNB4KU/GOLD+SWIRL.JPG https://images.squarespace-cdn.com/content/v1/51f9e29ee4b0d46ee28f3709/1604644721724-TPTFINSFK7M9QOT6XYZ5/promo1.jpg https://images.squarespace-cdn.com/content/v1/51f9e29ee4b0d46ee28f3709/1604644809083-RI3IHMNK56D3ZJLCRLP7/YELLOW.JPG https://images.squarespace-cdn.com/content/v1/51f9e29ee4b0d46ee28f3709/1604644789374-FNX39CT2L22M7R5Z5Q87/BAND+SWIRL.JPG https://images.squarespace-cdn.com/content/v1/51f9e29ee4b0d46ee28f3709/1604644820420-HCKC9M6BDEDPE4N9E0BZ/ZBR.JPG https://images.squarespace-cdn.com/content/v1/51f9e29ee4b0d46ee28f3709/1604644789903-0PIMWANVIR43E5EIEZNV/EURO+SWIRL.JPG"
"","","PHYSICAL","12inches","12-j754z","GROS ENFANT MORT - La banalité du mal (12"")","<p class="""" style=""white-space:pre-wrap;"" data-rte-preserve-empty=""true""><strong>For fans of: Daitro and Young Mountain.</strong></p><p class="""" style=""white-space:pre-wrap;"" data-rte-preserve-empty=""true"">Awesome sophomore LP from this French solo project. Released on Dingleberry Records.</p><p class="""" style=""white-space:pre-wrap;"" data-rte-preserve-empty=""true"">12” on gold w/black swirl with lyric insert. 9 songs.</p><p class="""" style=""white-space:pre-wrap;"" data-rte-preserve-empty=""true"">Listen here:<br><a target=""_blank"" href=""https://grosenfantmort.bandcamp.com/album/la-banalit-du-mal-2"">https://grosenfantmort.bandcamp.com/album/la-banalit-du-mal-2</a></p>","SQ2701141","","","","","","","","","","","","","","","25.00","0.00","No","1","12""","punk, hardcore, powerviolence, metal, emo-violence, skram, post-hardcore, post-metal, 12"", screamo, Zegema Beach, skramz, noise, noise rock, blackened, blackened screamo, black metal, rock, emo violence, zegema, zegema beach, Dingleberry Records, Gros Enfant Mort","0.45","32.0","32.0","2.0","Yes","https://images.squarespace-cdn.com/content/v1/51f9e29ee4b0d46ee28f3709/a363c6ac-2fb0-4ce5-bb51-a4935bfd9b56/gros.jpg"
"","","PHYSICAL","12inches","12-9yn9y","ERETIA - Quietud (12"")","<p><strong>For fans of: R.Josef and AmenRa.</strong></p><p>Dark, sludgy, and full of awesome chord progressions. Somewhere between blackened hardcore and post-metal. Released on Dingleberry Records.</p><p>12” on transparent red vinyl with lyric insert. 7 songs.</p><p>Listen here:<br /><a href=""https://eretia.bandcamp.com/album/quietud"" target=""_blank"" rel=""noopener"">https://eretia.bandcamp.com/album/quietud</a></p>","SQ6317238","","","","","","","","","","","","","","","20.00","0.00","No","1","12""","punk, hardcore, powerviolence, metal, emo-violence, skram, post-hardcore, post-metal, 12"", screamo, Zegema Beach, skramz, noise, noise rock, blackened, blackened screamo, black metal, rock, emo violence, zegema, zegema beach, Dingleberry Records, Eretia, Quietud","0.45","32.0","32.0","2.0","Yes","https://images.squarespace-cdn.com/content/v1/51f9e29ee4b0d46ee28f3709/1686451984404-R0VKV3344L7CJVCLEV9R/eretia.jpg"
"","","PHYSICAL","12inches","12-r8ewc","BARABBAS, DU FÖRTAPPADE - Discussions on Existentialism (12"")","<p><strong>For fans of: Saetia and Letterbombs.</strong></p><p>Awesome new screamy/jazzy Euro screamo. Released on Dingleberry Records.</p><p>12” on transparent red vinyl with lyric insert. 12 songs.</p><p>Listen here:<br /><a href=""https://barabbasdufortappade.bandcamp.com/album/discussions-on-existentialism-3"" target=""_blank"" rel=""noopener"">https://barabbasdufortappade.bandcamp.com/album/discussions-on-existentialism-3</a></p>","SQ4788006","","","","","","","","","","","","","","","20.00","0.00","No","4","12""","punk, hardcore, powerviolence, metal, emo-violence, skram, post-hardcore, post-metal, 12"", screamo, Zegema Beach, skramz, noise, noise rock, blackened, blackened screamo, black metal, rock, emo violence, zegema, zegema beach, Dingleberry Records, BARABBAS, DU FÖRTAPPADE, Discussions on Existentialism","0.45","32.0","32.0","2.0","Yes","https://images.squarespace-cdn.com/content/v1/51f9e29ee4b0d46ee28f3709/1686455841036-AO25GW4ZDHLJSR808RPN/barabbas.jpg"
"","","PHYSICAL","12inches","caos-calma","NESKA LAGUN - caos:calma (12"")","<p><strong>For fans of: Maree Noire, Ojne, and Twins.</strong></p><p>I loved the last record but this one is heads and shoulders above it. Amazing Euro screamo!</p><p>12” on pink vinyl with lyric insert. 9 songs.</p><p>Listen here:<br /><a href=""https://icorruptrecords.bandcamp.com/album/caos-calma"" target=""_blank"" rel=""noopener"">https://icorruptrecords.bandcamp.com/album/caos-calma</a></p>","SQ4602426","","","Colour","Pink","","","","","","","","","","","32.50","25.00","No","2","12""","punk, hardcore, powerviolence, metal, emo-violence, skram, post-hardcore, post-metal, 12"", screamo, Zegema Beach, skramz, noise, noise rock, blackened, blackened screamo, Neska Lagun, caos:calma, Icorrupt","0.499","33.0","33.0","2.0","Yes","https://images.squarespace-cdn.com/content/v1/51f9e29ee4b0d46ee28f3709/1691822663718-FUYSB2WNX4N5BJ2C4862/neska+cover.jpg https://images.squarespace-cdn.com/content/v1/51f9e29ee4b0d46ee28f3709/1691822663567-VF7NDX40ORGP3Z5RVBPR/neska+promo.jpg"
"","","PHYSICAL","12inches","12-eh47k","LEG YIELD - engine check (12"")","<p class=""""><strong>For fans of: Big Water and Usurp Synapse.</strong></p><p class="""">Incredible debut EP from a member of Canyons and Big Water. ONLY 1 COPY IN STOCK!!!</p><p class="""">12” lathe on black vinyl with lyric insert. 7 songs.</p><p class="""">Listen here:<br><a href=""https://theghostisclearrecords.bandcamp.com/album/engine-check"" target=""_blank"">https://theghostisclearrecords.bandcamp.com/album/engine-check</a></p>","SQ4471283","","","","","","","","","","","","","","","35.00","25.00","No","1","12""","punk, hardcore, powerviolence, metal, emo-violence, skram, post-hardcore, post-metal, 12"", screamo, Zegema Beach, skramz, noise, noise rock, blackened, blackened screamo, black metal, rock, emo violence, zegema, zegema beach, Leg Yield, Engine Check","0.499","32.0","32.0","2.0","Yes","https://images.squarespace-cdn.com/content/v1/51f9e29ee4b0d46ee28f3709/1691853867741-1441CDVBCA2SUYSUP7L1/leg+yield.jpg"
"","","PHYSICAL","12inches","12-sepct","LARA KORONA - Land Unter (12"")","<p class=""""><strong>For fans of: Edhochuli and Rha.</strong></p><p class="""">Amazing, sprawling, post-hardcore/crust/screamo from Germany. ONLY 1 COPY IN STOCK!!!</p><p class="""">12” on black vinyl with lyric insert. 5 songs.</p><p class="""">Listen here:<br><a href=""https://larakorona.bandcamp.com/album/land-unter-12-lp"" target=""_blank"">https://larakorona.bandcamp.com/album/land-unter-12-lp</a></p>","SQ0604668","","","","","","","","","","","","","","","30.00","20.00","No","1","12""","punk, hardcore, powerviolence, metal, emo-violence, skram, post-hardcore, post-metal, 12"", screamo, Zegema Beach, skramz, noise, noise rock, blackened, blackened screamo, black metal, rock, emo violence, zegema, zegema beach, Lara Korona, Land Unter","0.499","32.0","32.0","2.0","Yes","https://images.squarespace-cdn.com/content/v1/51f9e29ee4b0d46ee28f3709/1691853958714-5X3EMG5MHJGHZLJZVCZR/lara.jpg"
"","","PHYSICAL","12inches","cityofindustry","CITY OF INDUSTRY - Spiritual West (12"")","<p style=""white-space:pre-wrap;""><strong>For fans of: Whores and Kowloon Walled City.</strong></p><p style=""white-space:pre-wrap;"">“On Spiritual West, frontman John Caraveo's impassioned vocals hit like the confessions of a man who has reached his breaking point; the band's moody, metallic, hardcore punk drives forward, laced with morose melodies, drenched in Pacific Northwest rain. The sheer urgency sets this band apart from the mob. There are not many comparisons to be drawn; Converge or Show Me The Body might be two.</p><p style=""white-space:pre-wrap;"">As raw and real as City of Industry can be, there is another side to the band. Throughout Spiritual West, the trio's musical experimentation creates moments of grandeur that elevate the album to an even higher place. Triumphant church bells, gleeful glockenspiel, ominous synths, and sampled voices add color and contrast that make the songs penetrate that much deeper and show, once again, that Caraveo and his comrades – bassist Jack Thompson and drummer Pablo Lara – are following no one else's rules.“ Released by No Funeral Records.</p><p style=""white-space:pre-wrap;"">12” on ? vinyl (sealed). 12 songs.</p><p style=""white-space:pre-wrap;"">Listen here:<br /><a href=""https://nofuneralsound.bandcamp.com/album/spiritual-west"" target=""_blank"" rel=""noopener"">https://nofuneralsound.bandcamp.com/album/spiritual-west</a></p>","SQ6624571","","","","","","","","","","","","","","","22.50","0.00","No","1","12""","punk, hardcore, powerviolence, metal, emo-violence, skram, post-hardcore, post-metal, 12"", screamo, Zegema Beach, skramz, noise, noise rock, blackened, blackened screamo, black metal, rock, emo violence, zegema, zegema beach, No Funeral Records, No Funeral, City Of Industry, Spiritual West","0.499","32.0","32.0","2.0","Yes","https://images.squarespace-cdn.com/content/v1/51f9e29ee4b0d46ee28f3709/1697078175379-JW0LKK3RFQOGCMZRDCZ4/city1.jpg https://images.squarespace-cdn.com/content/v1/51f9e29ee4b0d46ee28f3709/1697078175142-BO9P82ASOAXQ150TRH48/city2.jpg"
"","","PHYSICAL","12inches","greber","GREBER - Fright Without (12"")","<p style=""white-space:pre-wrap;""><strong>For fans of: Tunic and Venns.</strong></p><p style=""white-space:pre-wrap;"">Incredibly sludgy, groovy, noise-rock/hardcore. Released by No Funeral Records.</p><p style=""white-space:pre-wrap;"">12” on splatter or stupid fancy vinyl with lyric insert. 10 songs.</p><p style=""white-space:pre-wrap;"">Listen here:<br /><a href=""https://nofuneralsound.bandcamp.com/album/fright-without"" target=""_blank"" rel=""noopener"">https://nofuneralsound.bandcamp.com/album/fright-without</a></p>","SQ9733840","","","Color","Red/Black splatter","","","","","","","","","","","25.00","0.00","No","3","12""","punk, hardcore, powerviolence, metal, emo-violence, skram, post-hardcore, post-metal, 12"", screamo, Zegema Beach, skramz, noise, noise rock, blackened, blackened screamo, black metal, rock, emo violence, zegema, zegema beach, No Funeral Records, No Funeral, Greber, Fright Without","0.499","32.0","32.0","2.0","Yes","https://images.squarespace-cdn.com/content/v1/51f9e29ee4b0d46ee28f3709/1697079528825-Z08VABGCHNZOH2RO2CS1/greber+splat.jpg https://images.squarespace-cdn.com/content/v1/51f9e29ee4b0d46ee28f3709/1697079528911-PXWKHF5UDDPM73L0CB3P/greber+stupid.jpg"
"","","","","","","","SQ5750777","","","Color","Grey Ring stupid fancy","","","","","","","","","","","30.00","0.00","No","0","","","0.499","32.0","32.0","2.0","",""
"","","PHYSICAL","12inches","cd-karloff","KARLOFF - Karloff (12"")","<p class="""" style=""white-space:pre-wrap;"" data-rte-preserve-empty=""true""><strong>For fans of: Honeywell, Envy and Caught In The Fall</strong></p><p class="""" style=""white-space:pre-wrap;"" data-rte-preserve-empty=""true"">Hailing from the Southern Ontario screamo scene, this band has been making waves since their inception. Beyond intense live shows, fostering a local music community, member changes, and now after three years of work, their debut LP is upon us. Raw, vicious, unhinged, noisy, scathing, ugly, violent, cathartic - any and all of these are apt descriptors for the 10 songs spanning nearly 30 minutes of genre infusion. Channeling the immediacy of Reversal Of Man, the restraint of Envy, and the vocal destruction of Honeywell. Features members of No Funeral Records, Dead Friend Collective, Paper Hats, and Sadfie. ONLY 1 COPY IN STOCK!!!!</p><p class="""" style=""white-space:pre-wrap;"" data-rte-preserve-empty=""true"">12” comes with gian insert booklet. 10 songs.</p><p class="""" style=""white-space:pre-wrap;"" data-rte-preserve-empty=""true"">Listen here:<br><a target=""_blank"" href=""https://zegemabeachrecords.bandcamp.com/album/karloff"">https://zegemabeachrecords.bandcamp.com/album/karloff</a></p>","SQ0583071","","","","","","","","","","","","","","","35.00","0.00","No","1","12""","punk, hardcore, powerviolence, metal, screamo, emo-violence, skramz, emo, rock, math, post, blackened, Records, Canada, cd, No Funeral, Karloff, Basque","0.5","32.0","32.0","3.0","Yes","https://images.squarespace-cdn.com/content/v1/51f9e29ee4b0d46ee28f3709/99509880-9583-4fa4-a8ea-44077ffd7868/karloff.jpg"
"","","PHYSICAL","12inches","transformation","NIONDE PLÅGAN - Transformation (12"")","<p class="""" style=""white-space:pre-wrap;""><strong>For fans of: Respire and Vi Som Alskade Varandra Sa Mycket.</strong></p><p class="""" style=""white-space:pre-wrap;"">The new LP from Sweden’s decade-plus running post-everything/screamo band. Released by Moment Of Collapse Records.</p><p class="""" style=""white-space:pre-wrap;"">12” on half orange/half green vinyl with lyric insert. 6 songs.</p><p class="""" style=""white-space:pre-wrap;"">Listen here:<br><a href=""https://niondeplagan.bandcamp.com/album/transformation"" target=""_blank"">https://niondeplagan.bandcamp.com/album/transformation</a></p>","SQ0811111","","","","","","","","","","","","","","","25.00","0.00","No","1","12""","punk, hardcore, powerviolence, metal, emo-violence, skram, post-hardcore, post-metal, 12"", screamo, Zegema Beach, skramz, noise, noise rock, blackened, blackened screamo, black metal, rock, emo violence, zegema, zegema beach, NIONDE PLÅGAN, Transformation","0.499","32.0","32.0","2.0","Yes","https://images.squarespace-cdn.com/content/v1/51f9e29ee4b0d46ee28f3709/1708560202385-H00HANKCAUXYAGEG1VG4/nionde.jpg"
"","","PHYSICAL","12inches","chiaroscuro-kb8dc","CLOSET WITCH - Chiaroscuro (12"") EURO variants","<p style=""text-align:center;white-space:pre-wrap;"" class="""">CLOSET WITCH ‘<strong>Chiaroscuro</strong>‘ 12”LP (ZB324)</p><p class="""" style=""white-space:pre-wrap;"">For fans of:<strong> Fluoride, Cloud Rat, (early) Oathbreaker, Malevich, and Tentacles.</strong></p><p class="""" style=""white-space:pre-wrap;"">Five long years after their last full length album, Iowa’s Closet Witch are back with 13 liquefying tracks known collectively as ‘Chiaroscuro’. Following a health scare, the four-piece return with their most visceral and simultaneously most epic. Songs like “Constantly Problematic“ and “We Met On the Park Boundary Trail“ are pure carnage, while “You, Me and My Venus In Decay“ and “To the Cauldron“ employ massive, imposing, and deliberate destruction. An absolute tour-de-force and truly impressive return by some most excellent humans. This is the European version by Moment Of Collapse and Circus Of The Macabre.</p><p class="""" style=""white-space:pre-wrap;"">ZBR 12”s /500: 250 on purple+black smoke w/red splatter and 250 on red/white merge. Includes two-sided lyric insert, and ZBR sticker. 13 tracks.</p><p class="""" style=""white-space:pre-wrap;"">MOC 12”s /500: 250 on red w/black splatter and 250 on clear w/red blob+splatter</p><p class="""" style=""white-space:pre-wrap;"">Listen here:<br><a href=""https://zegemabeachrecords.bandcamp.com/album/chiaroscuro"" target=""_blank"">https://zegemabeachrecords.bandcamp.com/album/chiaroscuro</a></p>","SQ0865248","","","Variant","purple+black smoke w/red splatter (/250)","","","","","","","","","","","23.00","2.50","No","0","Cassette, 12""","cassette, rock, emo, screamo, punk, hardcore, indie, garage, alternative, Canada, Zegema, order, buy, 12"", 2023, skramz, mathcore, metallic hardcore, metal, post-hardcore, metalcore, LP, grind, powerviolence, thrash, CLoset Witch, ZBR324, Iowa, Chiaroscuro, blackened, black metal","0.499","32.0","32.0","2.0","Yes","https://images.squarespace-cdn.com/content/v1/51f9e29ee4b0d46ee28f3709/1697421209398-9GMNFVXSK47NOB01DCWQ/front.jpg https://images.squarespace-cdn.com/content/v1/51f9e29ee4b0d46ee28f3709/1708563257428-YKQ2TYN58NJOVNJ0FYHD/cw+red+splat.jpg https://images.squarespace-cdn.com/content/v1/51f9e29ee4b0d46ee28f3709/1708563373169-2G2348OU0H00OCJEMZP8/2+splatter.jpg https://images.squarespace-cdn.com/content/v1/51f9e29ee4b0d46ee28f3709/1708563257480-0RGF1JFFYYUD3ZPFZRTG/cw+clear%2Bred+splatter.jpg https://images.squarespace-cdn.com/content/v1/51f9e29ee4b0d46ee28f3709/1708563371893-QGKF32F0EIC895DA12QA/3+smash.jpg"
"","","","","","","","SQ3860033","","","Variant","red/white merge (/250)","","","","","","","","","","","23.00","2.50","No","0","","","0.499","32.0","32.0","2.0","",""
"","","","","","","","SQ2319374","","","Variant","EURO red w/black splatter (/250)","","","","","","","","","","","23.00","2.50","No","3","","","0.499","32.0","32.0","2.0","",""
"","","","","","","","SQ5708924","","","Variant","EURO clear w/red blob+black splatter (/250)","","","","","","","","","","","23.00","2.50","No","0","","","0.499","32.0","32.0","2.0","",""
"","","PHYSICAL","12inches","cyco","CYCO - Cyco (12"")","<h1 style=""white-space:pre-wrap;"">Cyco - Cyco (12"")</h1><p class="""" style=""white-space:pre-wrap;""><strong>FFO: Punchline Hunting Season, Big Water, Canyons</strong><br><br>Dresden, Germany's Cyco lay it all bare with this LP of fast paced Euro-skramz that sounds like you're supposed to be in a bar fight whilst listening.</p><p class="""" style=""white-space:pre-wrap;"">Listen here:<br><a href=""https://cyco-punk.bandcamp.com/album/cyco"" target=""_blank"">https://cyco-punk.bandcamp.com/album/cyco</a></p>","SQ0264477","","","","","","","","","","","","","","","25.00","0.00","No","1","12""","punk, hardcore, powerviolence, metal, emo-violence, skram, post-hardcore, post-metal, 12"", screamo, Zegema Beach, skramz, noise, noise rock, blackened, blackened screamo, black metal, rock, emo violence, zegema, zegema beach, Cyco","0.499","32.0","32.0","2.0","Yes","https://images.squarespace-cdn.com/content/v1/51f9e29ee4b0d46ee28f3709/1708708443303-82BBLNLOJ2OY687E30Y1/cyco.jpg"
"","","PHYSICAL","12inches","12-meraine","MERAINE - Meraine (12"")","<p style=""white-space:pre-wrap;""><strong>For fans of: Pianos Become The Teeth and Past.</strong></p><p style=""white-space:pre-wrap;"">Driving German hardcore with enough melody to catapult them into post-hardcore territory. Never heard of them until this debut, very sick!</p><p style=""white-space:pre-wrap;"">12” comes in gatefold jacket on ocean blue. 9 songs.</p><p style=""white-space:pre-wrap;"">Listen here:<br /><a href=""https://meraine.bandcamp.com/album/meraine"" target=""_blank"" rel=""noopener"">https://meraine.bandcamp.com/album/meraine</a></p>","SQ0451144","","","","","","","","","","","","","","","20.00","0.00","No","1","12""","punk, hardcore, powerviolence, metal, screamo, emo-violence, skramz, emo, rock, math, post, blackened, Records, Canada, Meraine, Moment Of Collapse, gatefold, 12"", LP","0.499","32.0","32.0","2.0","Yes","https://images.squarespace-cdn.com/content/v1/51f9e29ee4b0d46ee28f3709/1713486798998-SWF9GPGP6V4FKAAYWYWT/Meraine+lp+1.jpg https://images.squarespace-cdn.com/content/v1/51f9e29ee4b0d46ee28f3709/1713486801426-RYFGKSQ1O6R27ACAHN8E/meraine+lp+2.jpg"
"","","PHYSICAL","12inches","cd-cranial-rhn25","CRANIAL - Dark Towers / Bright Lights (12"")","<p style=""white-space:pre-wrap;""><strong>For fans of: Omega Massif and (early) The Baroness.</strong></p><p style=""white-space:pre-wrap;"">Ex-Omega Massif! Oh my god I loved that band so finding out this is similar made my fucking day. Epic as fuck blackened post-metal. Released on Moment Of Collapse.</p><p style=""white-space:pre-wrap;"">Black 12” comes in a gatefold jacket w/download code. 4 songs.</p><p style=""white-space:pre-wrap;"">Listen here:<br /><a href=""https://cranialband.bandcamp.com/album/dark-towers-bright-lights"" target=""_blank"" rel=""noopener"">https://cranialband.bandcamp.com/album/dark-towers-bright-lights</a></p>","SQ0425863","","","","","","","","","","","","","","","30.00","0.00","No","4","CD","punk, hardcore, powerviolence, metal, screamo, emo-violence, skramz, emo, rock, math, post, blackened, Records, Canada, Moment Of Collapse, Omega Massif, Cranial, Dark Towers, Bright Lights, 12"", LP","0.499","32.0","32.0","2.0","Yes","https://images.squarespace-cdn.com/content/v1/51f9e29ee4b0d46ee28f3709/1713486943635-CVZ7HJ82X2RK59JDUZ1G/cranial+lp+1.jpg https://images.squarespace-cdn.com/content/v1/51f9e29ee4b0d46ee28f3709/1713486942988-HYZNV9AX773RQBTS9LIH/cranial+lp+2.jpg"
"","","PHYSICAL","12inches","cd-blacktable-4yhls","BLACK TABLE - Obelisk (12"")","<p style=""white-space:pre-wrap;""><strong>For fans of: Mare and Hope Drone.</strong></p><p style=""white-space:pre-wrap;"">Featuring members of Sawtooth Grin, The Number 12 Looks Like You, and Downfall of Gaia doing massive, destructive post-metal with sludge, black metal, and doom elements. Released on Moment Of Collapse.</p><p style=""white-space:pre-wrap;"">Black 12” comes in gatefold jacket. 8 songs.</p><p style=""white-space:pre-wrap;"">Listen here:<br /><a href=""https://blacktable.bandcamp.com/album/obelisk-2016"" target=""_blank"" rel=""noopener"">https://blacktable.bandcamp.com/album/obelisk-2016</a></p>","SQ6712530","","","","","","","","","","","","","","","27.50","0.00","No","5","CD","punk, hardcore, powerviolence, metal, screamo, emo-violence, skramz, emo, rock, math, post, blackened, Records, Canada, Moment Of Collapse, Black Table, 2016, Obelisk, New York, LP, 12, 12""","0.499","32.0","32.0","2.0","Yes","https://images.squarespace-cdn.com/content/v1/51f9e29ee4b0d46ee28f3709/1713487300685-OB1VXZLC8W1AZS9ZP3QB/black+table.jpg https://images.squarespace-cdn.com/content/v1/51f9e29ee4b0d46ee28f3709/1713487300539-JAD3EQ7045VOFS151LQW/black+table+2.jpg"
"","","PHYSICAL","12inches","af-halfasleep","ANIMAL FACES - Half Asleep (12"")","<p class="""" style=""white-space:pre-wrap;"">The incredible shoegaze/noise-rock road the band took started here.</p><p class="""" style=""white-space:pre-wrap;"">12” on black vinyl with lyric insert. 3 songs.</p><p class="""" style=""white-space:pre-wrap;"">Listen here:<br><a href=""https://animalfaces.bandcamp.com/album/half-asleep"" target=""_blank"">https://animalfaces.bandcamp.com/album/half-asleep</a></p>","SQ0655224","","","","","","","","","","","","","","","16.00","0.00","No","5","12""","punk, hardcore, powerviolence, metal, emo-violence, skram, post-hardcore, post-metal, 12"", screamo, Zegema Beach, skramz, noise, noise rock, blackened, blackened screamo, black metal, rock, emo violence, zegema, zegema beach, Animal Faces, Half Asleep, Toronto","0.499","32.0","32.0","2.0","Yes","https://images.squarespace-cdn.com/content/v1/51f9e29ee4b0d46ee28f3709/1716823406991-78QXTUC77ILFJXSVP14Q/animal+faces.jpg"
"","","PHYSICAL","12inches","ed-dreams","EDHOCHULI - Dream Warriors (12"")","<p style=""white-space:pre-wrap;""><strong>For fans of: The Baroness and Io.</strong></p><p style=""white-space:pre-wrap;"">The record that pushed the band into new territory. Amazing record. Amazing songs. Amazing people.</p><p style=""white-space:pre-wrap;"">12” on red or brown vinyl with lyric insert. 6 songs.</p><p style=""white-space:pre-wrap;"">Listen here:<br /><a href=""https://edhochuli.bandcamp.com/album/dream-warriors"" target=""_blank"" rel=""noopener"">https://edhochuli.bandcamp.com/album/dream-warriors</a></p>","SQ4956704","","","Color","Red","","","","","","","","","","","15.00","0.00","No","1","12""","punk, hardcore, powerviolence, metal, emo-violence, skram, post-hardcore, post-metal, 12"", screamo, Zegema Beach, skramz, noise, noise rock, blackened, blackened screamo, black metal, rock, emo violence, zegema, zegema beach, Edhochuli, Dream Warriors","0.499","32.0","32.0","2.0","Yes","https://images.squarespace-cdn.com/content/v1/51f9e29ee4b0d46ee28f3709/1718982960596-6C2NYJU8UA1S21FJTIU7/edhochuli.jpg"
"","","","","","","","SQ2358102","","","Color","Brown","","","","","","","","","","","15.00","0.00","No","1","","","0.499","32.0","32.0","2.0","",""
"","","PHYSICAL","12inches","mitmda","MAN IS THE MOST DANGEROUS ANIMAL - vol.2: bind/torture/kill (12"")","<p><strong>For fans of: Converge, Cult Leader, and Crossed.</strong></p><p>Devastating metallic hardcore with some seriously killer vocals. One of CanaDave's fave of 2024!</p><p>12” on either half red/half yellow or purple/pink splatter vinyl with lyric insert and sticker. 11 songs.</p><p>Listen here:<br /><a target=""_blank"" href=""https://manisthemostdangerousanimal.bandcamp.com/album/vol-2-bind-torture-kill"" rel=""noopener"">https://manisthemostdangerousanimal.bandcamp.com/album/vol-2-bind-torture-kill</a></p>","SQ3405994","","","Variant","half'n'half","","","","","","","","","","","35.00","0.00","No","0","12""","punk, hardcore, powerviolence, metal, emo-violence, skram, post-hardcore, post-metal, 12"", screamo, Zegema Beach, skramz, noise, noise rock, blackened, blackened screamo, black metal, rock, emo violence, zegema, zegema beach, Man Is The Most Dangerous Animal, vol.2, bind, torture, kill","0.499","32.0","32.0","2.0","Yes","https://images.squarespace-cdn.com/content/v1/51f9e29ee4b0d46ee28f3709/7faa5ff8-6faa-4330-a792-60a4c75d3ee2/man+is+the+most+12+half%27n%27half.jpg https://images.squarespace-cdn.com/content/v1/51f9e29ee4b0d46ee28f3709/a88c9960-8629-462f-ba53-c015464cae89/man+is+the+most+12+purple+with+pink+splatter.jpg"
"","","","","","","","SQ5963890","","","Variant","purple/pink splatter","","","","","","","","","","","35.00","0.00","No","0","","","0.499","32.0","32.0","2.0","",""
"","","PHYSICAL","12inches","12-kyhl","KŸHL - Nach Strich und Faden (12"")","<p><strong>For fans of: The Mock Heroic and Flowers Tapes To Pens.</strong></p><p>The new and most consistent album from this German trio. Much screamier and epic than their previous releases. Released by Dingleberry Records.</p><p>12” on marble blue or marble yellow vinyl with lyric insert. 8 songs.</p><p>Listen here:<br><a target=""_blank"" href=""https://kyhl.bandcamp.com/album/nach-strich-und-faden"">https://kyhl.bandcamp.com/album/nach-strich-und-faden</a></p>","SQ5722112","","","Color","yellow","","","","","","","","","","","25.00","0.00","No","1","12""","punk, hardcore, powerviolence, metal, emo-violence, skram, post-hardcore, post-metal, 12"", screamo, Zegema Beach, skramz, noise, noise rock, blackened, blackened screamo, black metal, rock, emo violence, zegema, zegema beach, Dingleberry, Records, vinyl, buy, Germany, KŸHL, Nach Strich und Faden","0.499","32.0","32.0","2.0","Yes","https://images.squarespace-cdn.com/content/v1/51f9e29ee4b0d46ee28f3709/c9f18172-0e59-4f89-b747-05ba61c522c3/kyhl.jpg"
"","","","","","","","SQ1998504","","","Color","blue","","","","","","","","","","","25.00","0.00","No","1","","","0.499","32.0","32.0","2.0","",""
"","","PHYSICAL","12inches","12-noverte","NOVERTE - Con uno sguardo solo (12"")","<p style=""white-space:pre-wrap;"" data-rte-preserve-empty=""true""><strong>For fans of: Raein and Ojne.</strong></p><p style=""white-space:pre-wrap;"" data-rte-preserve-empty=""true"">Unreal Italian debut that blazes through 7 jams, keeping it interesting and screamy. Love this. Released by Dingleberry Records.</p><p style=""white-space:pre-wrap;"" data-rte-preserve-empty=""true"">12” on black vinyl (sealed) with lyric insert. 7 songs.</p><p style=""white-space:pre-wrap;"" data-rte-preserve-empty=""true"">Listen here:<br /><a target=""_blank"" href=""https://noverte.bandcamp.com/album/con-uno-sguardo-solo"" rel=""noopener"">https://noverte.bandcamp.com/album/con-uno-sguardo-solo</a></p>","SQ5181578","","","","","","","","","","","","","","","25.00","0.00","No","1","12""","punk, hardcore, powerviolence, metal, emo-violence, skram, post-hardcore, post-metal, 12"", screamo, Zegema Beach, skramz, noise, noise rock, blackened, blackened screamo, black metal, rock, emo violence, zegema, zegema beach, Dingleberry, Records, vinyl, buy, Noverte, Italy, Con uno sguardo solo","0.499","32.0","32.0","2.0","Yes","https://images.squarespace-cdn.com/content/v1/51f9e29ee4b0d46ee28f3709/8096f76e-8297-47f2-af9a-1e24446784fb/noverte.jpg"
"","","PHYSICAL","12inches","12-jornada","JORNADA DEL MUERTO - Pinturas Negras (12"")","<p><strong>For fans of: Naedr and Saton.</strong></p><p>Moving completely away from any midwestern emo and noodlings, this album goes for the jugular in complete screamo/metallic hardcore fashion. Tracks like ""Saturn Devouring His Son"", ""Sabbath"", ""A Pilgrimage to San Isidro"", and ""Fantastic Vision"" are fucking heaters, with the album as a whole being an excellent listen with a meaty amount of tracks. A few months after they released a live version of the album. Released by Dingleberry Records.</p><p>12” on ""fiery eye"" vinyl with lyric insert. 14 songs.</p><p>Listen here:<br><a target=""_blank"" href=""https://jornadadelmuerto.bandcamp.com/album/pinturas-negras"">https://jornadadelmuerto.bandcamp.com/album/pinturas-negras</a></p>","SQ2807330","","","","","","","","","","","","","","","30.00","0.00","No","1","12""","punk, hardcore, powerviolence, metal, emo-violence, skram, post-hardcore, post-metal, 12"", screamo, Zegema Beach, skramz, noise, noise rock, blackened, blackened screamo, black metal, rock, emo violence, zegema, zegema beach, Dingleberry, Records, vinyl, buy, Jornada Del Muerto, Pinturas Negras","0.6","32.0","32.0","2.0","Yes","https://images.squarespace-cdn.com/content/v1/51f9e29ee4b0d46ee28f3709/7afd10ae-911a-4100-b14e-a9b1fec83219/jordana.jpg"
"","","PHYSICAL","12inches","12-aow1","AOW - Everything's Gonna Be Alright (12"")","<p style=""white-space:pre-wrap;"" data-rte-preserve-empty=""true""><strong>For fans of: Agak and Kulara.</strong></p><p style=""white-space:pre-wrap;"" data-rte-preserve-empty=""true"">Japanese hardcore with genre bending tendencies. Pop punk, screamo, and metal influences converge to create a unique hardcore record. Single sided LP with DIY insert. All ""Random Colour"" variants are different. Released by No Funeral Records. 8 songs. ONLY 1 COPY IN STOCK!!!</p><p style=""white-space:pre-wrap;"" data-rte-preserve-empty=""true"">Listen here:<br><a target=""_blank"" href=""https://nofuneralsound.bandcamp.com/album/everythings-gonna-be-alright"">https://nofuneralsound.bandcamp.com/album/everythings-gonna-be-alright</a></p>","SQ3447616","","","","","","","","","","","","","","","27.50","0.00","No","1","12""","punk, hardcore, powerviolence, metal, emo-violence, skram, post-hardcore, post-metal, 12"", screamo, Zegema Beach, skramz, noise, noise rock, blackened, blackened screamo, black metal, rock, emo violence, zegema, zegema beach, Dingleberry, Records, vinyl, buy, AOW, Everything's Gonna Be Alright, Japan, No Funeral","0.499","32.0","32.0","2.0","Yes","https://images.squarespace-cdn.com/content/v1/51f9e29ee4b0d46ee28f3709/21f2d1a6-ec8a-414a-b590-8cd1e13f1465/aow+NOT+counter+culture.jpeg"
"","","PHYSICAL","12inches","12-cages","CAGES - better mistakes (12"")","<p style=""white-space:pre-wrap;"" data-rte-preserve-empty=""true""><strong>For fans of: Between Bodies and Soma.</strong></p><p style=""white-space:pre-wrap;"" data-rte-preserve-empty=""true"">Shouty screamo/hardcore from Germany. Released by Shove Records. ONLY 1 COPY IN STOCK!!!</p><p style=""white-space:pre-wrap;"" data-rte-preserve-empty=""true"">12” on black vinyl w/screened b-side and lyric insert. 6 songs.</p><p style=""white-space:pre-wrap;"" data-rte-preserve-empty=""true"">Listen here:<br><a target=""_blank"" href=""https://cages-band.bandcamp.com/album/better-mistakes"">https://cages-band.bandcamp.com/album/better-mistakes</a></p>","SQ4785175","","","","","","","","","","","","","","","25.00","0.00","No","1","12""","punk, hardcore, powerviolence, metal, emo-violence, skram, post-hardcore, post-metal, 12"", screamo, Zegema Beach, skramz, noise, noise rock, blackened, blackened screamo, black metal, rock, emo violence, zegema, zegema beach, Records, vinyl, buy, Shove, Cages, Better Mistakes, Germany","0.499","32.0","32.0","2.0","Yes","https://images.squarespace-cdn.com/content/v1/51f9e29ee4b0d46ee28f3709/0df3d9f2-8b55-4fba-8954-02d8d149cae0/cages.jpg"
"","","PHYSICAL","12inches","12-malisa","MALIŠA BAHAT - Lovers. Loners. Losers. (12"")","<p style=""white-space:pre-wrap;"" data-rte-preserve-empty=""true""><strong>For fans of: Raein, Jeanne, and Oshera.</strong></p><p style=""white-space:pre-wrap;"" data-rte-preserve-empty=""true"">Croatia’s best screamo band is finally here with their debut LP. Released by Dingleberry and Shove Records.</p><p style=""white-space:pre-wrap;"" data-rte-preserve-empty=""true"">12” on black, red, or pink vinyl with lyric insert. 10 songs.</p><p style=""white-space:pre-wrap;"" data-rte-preserve-empty=""true"">Listen here:<br /><a target=""_blank"" href=""https://malisabahat.bandcamp.com/album/lovers-loners-losers"" rel=""noopener"">https://malisabahat.bandcamp.com/album/lovers-loners-losers</a></p>","SQ1499122","","","Color","pink","","","","","","","","","","","30.00","0.00","No","1","12""","punk, hardcore, powerviolence, metal, emo-violence, skram, post-hardcore, post-metal, 12"", screamo, Zegema Beach, skramz, noise, noise rock, blackened, blackened screamo, black metal, rock, emo violence, zegema, zegema beach, Dingleberry, Records, vinyl, buy, Malisa Bahat, Mališa Bahat, Lovers. Loners. Losers., Croatia","0.499","32.0","32.0","2.0","Yes","https://images.squarespace-cdn.com/content/v1/51f9e29ee4b0d46ee28f3709/69d40e91-422f-4a9a-8757-6cfcc2b17ce4/malisa.jpg https://images.squarespace-cdn.com/content/v1/51f9e29ee4b0d46ee28f3709/21a1dd4f-b029-4098-81f8-7a21b08577e6/malisa+black.jpg https://images.squarespace-cdn.com/content/v1/51f9e29ee4b0d46ee28f3709/478a34ac-95fd-4395-95e5-64a13734919a/malisa+pink.jpg https://images.squarespace-cdn.com/content/v1/51f9e29ee4b0d46ee28f3709/cbdcf86c-2a82-418e-af2b-17b90ea83d8e/malisa+red.jpg"
"","","","","","","","SQ9223256","","","Color","black","","","","","","","","","","","30.00","0.00","No","0","","","0.499","32.0","32.0","2.0","",""
"","","","","","","","SQ9728005","","","Color","red","","","","","","","","","","","30.00","0.00","No","0","","","0.499","32.0","32.0","2.0","",""
"","","PHYSICAL","12inches","12-neboas","NÉBOAS - Otros Claros del Bosque (12"")","<p style=""white-space:pre-wrap;"" data-rte-preserve-empty=""true""><strong>For fans of: Tenue and Drei Affen.</strong></p><p style=""white-space:pre-wrap;"" data-rte-preserve-empty=""true"">Spanish neo-crust…amazing! ONLY 1 COPY IN STOCK!!!</p><p style=""white-space:pre-wrap;"" data-rte-preserve-empty=""true"">12” on orange vinyl with lyric insert. 9 songs.</p><p style=""white-space:pre-wrap;"" data-rte-preserve-empty=""true"">Listen here:<br><a target=""_blank"" href=""https://neboas.bandcamp.com/album/otros-claros-del-bosque-2023"">https://neboas.bandcamp.com/album/otros-claros-del-bosque-2023</a></p>","SQ5153370","","","","","","","","","","","","","","","25.00","0.00","No","1","12""","punk, hardcore, powerviolence, metal, emo-violence, skram, post-hardcore, post-metal, 12"", screamo, Zegema Beach, skramz, noise, noise rock, blackened, blackened screamo, black metal, rock, emo violence, zegema, zegema beach, Records, vinyl, buy, Neboas, Otros Claros del Bosque, Spain","0.499","32.0","32.0","2.0","Yes","https://images.squarespace-cdn.com/content/v1/51f9e29ee4b0d46ee28f3709/ee09832a-ff81-45ba-8100-eb131965f822/neboas.jpg"
"","","PHYSICAL","12inches","12-4thsun","FOURTHSUN - Eclipse (12"")","<p style=""white-space:pre-wrap;"" data-rte-preserve-empty=""true""><strong>For fans of: Celeste and Crossed.</strong></p><p style=""white-space:pre-wrap;"" data-rte-preserve-empty=""true"">An absolutely stellar album from this Italian metallic hardcore/screamo/blacked band. Released by No Funeral Records.</p><p style=""white-space:pre-wrap;"" data-rte-preserve-empty=""true"">12” on black vinyl with lyric insert. 7 songs.</p><p style=""white-space:pre-wrap;"" data-rte-preserve-empty=""true"">Listen here:<br /><a target=""_blank"" href=""https://fourthsun.bandcamp.com/album/eclipse"" rel=""noopener"">https://fourthsun.bandcamp.com/album/eclipse</a></p>","SQ8884146","","","","","","","","","","","","","","","25.00","0.00","No","1","12""","punk, hardcore, powerviolence, metal, emo-violence, skram, post-hardcore, post-metal, 12"", screamo, Zegema Beach, skramz, noise, noise rock, blackened, blackened screamo, black metal, rock, emo violence, zegema, zegema beach, Dingleberry, Records, vinyl, buy, Fourthsun, Eclipse, Italy","0.499","32.0","32.0","2.0","Yes","https://images.squarespace-cdn.com/content/v1/51f9e29ee4b0d46ee28f3709/c705acc9-0a39-4623-8332-966dbf7318ee/fourthsun.jpg"
"","","PHYSICAL","12inches","tcc3","THE CAUTION CHILDREN - Appropriate Music (12"")","<p style=""white-space:pre-wrap;"" data-rte-preserve-empty=""true""><strong>For fans of: Leer and Terry Green.</strong></p><p style=""white-space:pre-wrap;"" data-rte-preserve-empty=""true"">One of the best bands ever. Released by The Ghost Is Clear Records.</p><p style=""white-space:pre-wrap;"" data-rte-preserve-empty=""true"">12” on black vinyl with lyric insert. 8 songs.</p><p style=""white-space:pre-wrap;"" data-rte-preserve-empty=""true"">Listen here:<br><a target=""_blank"" href=""https://thecautionchildren.bandcamp.com/album/appropriate-music"">https://thecautionchildren.bandcamp.com/album/appropriate-music</a></p>","SQ2801275","","","","","","","","","","","","","","","35.00","0.00","No","1","12""","punk, hardcore, powerviolence, metal, emo-violence, skram, post-hardcore, post-metal, 12"", screamo, Zegema Beach, skramz, noise, noise rock, blackened, blackened screamo, black metal, rock, emo violence, zegema, zegema beach, Records, vinyl, buy, The Caution Children, Appropriate Music, The Ghost Is Clear","0.499","32.0","32.0","2.0","Yes","https://images.squarespace-cdn.com/content/v1/51f9e29ee4b0d46ee28f3709/163365c1-c9ca-44d4-8ccb-a54d90efe608/caution+children.jpg"
"","","PHYSICAL","12inches","12-3b7rt","DIE ABETE - Senza Denti (12"")","<p style=""white-space:pre-wrap;"" data-rte-preserve-empty=""true""><strong>For fans of: The Chariot, Storm{o}, and Belladone.</strong></p><p style=""white-space:pre-wrap;"" data-rte-preserve-empty=""true"">Ridiculous two-piece that sounds like The Chariot. Love it.</p><p style=""white-space:pre-wrap;"" data-rte-preserve-empty=""true"">12” on black vinyl with lyric insert, this is the OG 2017 pressing. 8 songs.</p><p style=""white-space:pre-wrap;"" data-rte-preserve-empty=""true"">Listen here:<br><a target=""_blank"" href=""https://dieabete.bandcamp.com/album/senza-denti"">https://dieabete.bandcamp.com/album/senza-denti</a></p>","SQ5670177","","","","","","","","","","","","","","","25.00","0.00","No","1","12""","punk, hardcore, powerviolence, metal, emo-violence, skram, post-hardcore, post-metal, 12"", screamo, Zegema Beach, skramz, noise, noise rock, blackened, blackened screamo, black metal, rock, emo violence, zegema, zegema beach, Records, vinyl, buy, Die Abete, Senza Deni, Senza Denti","0.499","32.0","32.0","2.0","Yes","https://images.squarespace-cdn.com/content/v1/51f9e29ee4b0d46ee28f3709/dae37f9f-b9a3-460e-8d2f-671db357b393/die+abete.jpg"
"","","PHYSICAL","12inches","12-g9ebt","BLOODPHEASANT - Traum (12"")","<p style=""white-space:pre-wrap;"" data-rte-preserve-empty=""true""><strong>For fans of: Social Caterpillar and Queens Of The Stone Age.</strong></p><p style=""white-space:pre-wrap;"" data-rte-preserve-empty=""true"">Country-twinged rock with a lotta power not unlike the better material from QOTSA.</p><p style=""white-space:pre-wrap;"" data-rte-preserve-empty=""true"">12” on black vinyl with lyric insert. 9 songs.</p><p style=""white-space:pre-wrap;"" data-rte-preserve-empty=""true"">Listen here:<br><a target=""_blank"" href=""https://bloodpheasant.bandcamp.com/album/traum"">https://bloodpheasant.bandcamp.com/album/traum</a></p>","SQ6254378","","","","","","","","","","","","","","","15.00","0.00","No","1","12""","punk, hardcore, powerviolence, metal, emo-violence, skram, post-hardcore, post-metal, 12"", screamo, Zegema Beach, skramz, noise, noise rock, blackened, blackened screamo, black metal, rock, emo violence, zegema, zegema beach, Records, vinyl, buy, Bloodpheasant, Traum, Rhode Island","0.499","32.0","32.0","2.0","Yes","https://images.squarespace-cdn.com/content/v1/51f9e29ee4b0d46ee28f3709/1f4d20b7-6125-4132-bdc9-fc70a137e3c1/bloodpheasant.jpg"
"","","PHYSICAL","12inches","12-xafa5","GLASSING - Twin Dream (12"")","<p style=""white-space:pre-wrap;"" data-rte-preserve-empty=""true"">This is from CanaDave’s personal collection…so it has to be amazing and difficult to part with. Enjoy! ONLY 1 COPY IN STOCK!!</p>","SQ0738658","","","","","","","","","","","","","","","35.00","0.00","No","1","12""","punk, hardcore, powerviolence, metal, emo-violence, skram, post-hardcore, post-metal, 12"", screamo, Zegema Beach, skramz, noise, noise rock, blackened, blackened screamo, black metal, rock, emo violence, zegema, zegema beach, Records, vinyl, buy","0.499","32.0","32.0","2.0","Yes","https://images.squarespace-cdn.com/content/v1/51f9e29ee4b0d46ee28f3709/fc2f0c54-bc24-43d4-8a8b-2d9c5e8aa008/glassing+2.jpg"
"","","PHYSICAL","12inches","2x12-ty5hj","COMA REGALIA - En Sperata (12"")","<p style=""white-space:pre-wrap;"" data-rte-preserve-empty=""true"">This is from CanaDave’s personal collection…so it has to be amazing and difficult to part with. Enjoy! ONLY 1 COPY IN STOCK!!</p>","SQ7371823","","","","","","","","","","","","","","","25.00","0.00","No","1","12""","punk, hardcore, powerviolence, metal, emo-violence, skram, post-hardcore, post-metal, 12"", screamo, Zegema Beach, skramz, noise, noise rock, blackened, blackened screamo, black metal, rock, emo violence, zegema, zegema beach, Records, vinyl, buy","0.499","32.0","32.0","2.0","Yes","https://images.squarespace-cdn.com/content/v1/51f9e29ee4b0d46ee28f3709/9885428b-67b3-4cb0-bb5d-d0892c711b48/PXL_20251230_041153112.jpg"
"","","PHYSICAL","12inches","12-jdbxj","ALKUPERÄ - Sendero Desesperanza (12"")","<p class="""" style=""white-space:pre-wrap;"" data-rte-preserve-empty=""true""><strong>For fans of: Massa Nera, Birds In Row, and Naufraage.</strong></p><p class="""" style=""white-space:pre-wrap;"" data-rte-preserve-empty=""true"">Devastating but beautiful screamo/post-hardcore from Spain. ONLY 1 COPY IN STOCK!!! Released on Shove Records.</p><p class="""" style=""white-space:pre-wrap;"" data-rte-preserve-empty=""true"">12” on yellow vinyl with lyric insert. 8 songs.</p><p class="""" style=""white-space:pre-wrap;"" data-rte-preserve-empty=""true"">Listen here:<br><a target=""_blank"" href=""https://alkupera.bandcamp.com/album/sendero-desesperanza"">https://alkupera.bandcamp.com/album/sendero-desesperanza</a></p>","SQ3730785","","","","","","","","","","","","","","","25.00","0.00","No","1","12""","punk, hardcore, powerviolence, metal, emo-violence, skram, post-hardcore, post-metal, screamo, Zegema Beach, skramz, noise, noise rock, blackened, blackened screamo, post-rock, 12"", Sendero Desesperanza, Alkuperä","0.499","32.0","32.0","2.0","Yes","https://images.squarespace-cdn.com/content/v1/51f9e29ee4b0d46ee28f3709/f24a4acf-f866-4888-9e22-eb3f6ab26205/alkupera.jpg"
"","","PHYSICAL","12inches","bymyside","BYMYSIDE - Insieme Ricostruire (12"")","<p class="""" style=""white-space:pre-wrap;"" data-rte-preserve-empty=""true""><strong>For fans of: Raein and La Quiete.</strong></p><p class="""" style=""white-space:pre-wrap;"" data-rte-preserve-empty=""true"">Italian screamo’s sophomore album finally dropped!!! Snag it! ONLY 1 COPY IN STOCK!!!</p><p class="""" style=""white-space:pre-wrap;"" data-rte-preserve-empty=""true"">12” on white vinyl with lyric insert. 8 songs.</p><p class="""" style=""white-space:pre-wrap;"" data-rte-preserve-empty=""true"">Listen here:<br><a target=""_blank"" href=""https://bymyside.bandcamp.com/album/insieme-ricostruire"">https://bymyside.bandcamp.com/album/insieme-ricostruire</a></p>","SQ6762721","","","","","","","","","","","","","","","35.00","0.00","No","1","12""","punk, hardcore, powerviolence, metal, emo-violence, skram, post-hardcore, post-metal, screamo, Zegema Beach, skramz, noise, noise rock, blackened, blackened screamo, post-rock, 12"", Insieme Ricostruire, ByMySide","0.499","32.0","32.0","2.0","Yes","https://images.squarespace-cdn.com/content/v1/51f9e29ee4b0d46ee28f3709/97bf5930-8ee3-465f-866f-d8810c51f0b5/bymyside.jpg"
"","","PHYSICAL","12inches","adobehomes-a2a6p","ADOBE HOMES - Años (12"")","<p style=""text-align: center; ; white-space:pre-wrap;"" data-rte-preserve-empty=""true""><strong>ADOBE HOMES</strong> ‘A&ntilde;os‘ 12&quot;LP (ZBR386)</p><p style=""white-space:pre-wrap;"" data-rte-preserve-empty=""true"">For fans of:<strong> Innards, Father Figure, and Kidcrash</strong></p><p style=""white-space:pre-wrap;"" data-rte-preserve-empty=""true"">This Albuquerque, New Mexico band is back at it, releasing their first new material in a decade! Percolating for years, this 12-track album shows the band pursuing new roads while taking in similar scenery. You've got your wild screamo jams &quot;Satandelay Me&iexcl; White Empress.&quot; and &quot;File under “Heartache” for 2010-2012 (the Sunflower Summers)&quot;, emo/math rock jams &quot;Pacheco&quot; and &quot;Pals&quot;, and some chill intros/outros/interludes &quot;Fire of our Youth&quot; and &quot;An Anxious Plea&quot;. Old fans and new listeners will appreciate the depth, honesty, and passion that resides in this release. The physicals are also quite stunning, housed in custom center-fold sleeves, are packed into heavy gauge pvc ‘picture disc’ style screen-printed jackets, and have three different variants, each unique to the labels and band.</p><p style=""white-space:pre-wrap;"" data-rte-preserve-empty=""true"">Pressing on 300 12&quot;s: 106 “Sunflower Summer” three-color smash w/olive green x hot pink x mustard yellow (ZBR variant), x109 olive green/hot pink pinwheel w/mustard yellow splatter (DK variant), and 110 sky blue/mint green galaxy (band variant). 12 tracks.</p><p style=""white-space:pre-wrap;"" data-rte-preserve-empty=""true"">Listen here:<br /><a target=""_blank"" href=""https://zegemabeachrecords.bandcamp.com/album/a-os"" rel=""noopener"">https://zegemabeachrecords.bandcamp.com/album/a-os</a></p>","SQ6110467","","","Variant","Dog Knights pinwheel","","","","","","","","","","","35.00","0.00","No","1","12""","12"", punk, rock, hardcore, screamo, skramz, powerviolence, metal, chaos, Zegema Beach Records, LP, post-hardcore, post-metal, Zegema Beach, Albuquerque, New Mexico, Adobe Homes, ZBR386, Años, Anos, 2025, Dog Knights, ZBR, buy, link, purchase, store","0.499","32.0","32.0","2.0","Yes","https://images.squarespace-cdn.com/content/v1/51f9e29ee4b0d46ee28f3709/76629896-51e5-4294-b162-2755a3a5875e/cover.jpg https://images.squarespace-cdn.com/content/v1/51f9e29ee4b0d46ee28f3709/d96989c0-d62e-47a0-a825-ccb1addc4534/adobe+dk.jpg https://images.squarespace-cdn.com/content/v1/51f9e29ee4b0d46ee28f3709/ac3e9fd5-56ed-420b-b57f-efa4b9b86107/adobe+band.jpg https://images.squarespace-cdn.com/content/v1/51f9e29ee4b0d46ee28f3709/02af7173-16b4-48d6-91f6-d3efa5f6e290/2+merge+close.jpg https://images.squarespace-cdn.com/content/v1/51f9e29ee4b0d46ee28f3709/8dc39dd9-61ee-4050-af9f-e466dd4ba9be/1+promo.jpg"
"","","","","","","","SQ0096510","","","Variant","Adobe Homes marble","","","","","","","","","","","35.00","0.00","No","1","","","0.499","32.0","32.0","2.0","",""
"","","","","","","","SQ3716075","","","Variant","ZBR smash","","","","","","","","","","","35.00","0.00","No","2","","","0.499","32.0","32.0","2.0","",""
"","","PHYSICAL","12inches","12-gk3x5","GABBY'S WORLD - Year of the Rabbit (12"")","<p class="""" style=""white-space:pre-wrap;"" data-rte-preserve-empty=""true""><strong>For fans of: Frankie Cosmos and Des Ark.</strong></p><p class="""" style=""white-space:pre-wrap;"" data-rte-preserve-empty=""true"">Wicked stuff from Gabby (ex-Eskimeaux) on this 2016 album. Part pop, part indie, part singer/songwriter.</p><p class="""" style=""white-space:pre-wrap;"" data-rte-preserve-empty=""true"">12” on green vinyl with b-side etching and lyric insert. 6 songs.</p><p class="""" style=""white-space:pre-wrap;"" data-rte-preserve-empty=""true"">Listen here:<br><a target=""_blank"" href=""https://gabbysworld.bandcamp.com/album/year-of-the-rabbit"">https://gabbysworld.bandcamp.com/album/year-of-the-rabbit</a></p>","SQ6043801","","","","","","","","","","","","","","","25.00","0.00","No","1","12""","punk, hardcore, powerviolence, metal, emo-violence, skram, post-hardcore, post-metal, screamo, Zegema Beach, skramz, noise, noise rock, blackened, blackened screamo, post-rock, 12"", Gabby's World, Year of the Rabbit, Greta Kline, Eskimeaux, Frankie Cosmos","0.499","32.0","32.0","2.0","Yes","https://images.squarespace-cdn.com/content/v1/51f9e29ee4b0d46ee28f3709/e153701e-7073-45a5-a1d8-a0ebfeebb1f5/gabby+year+of+the+rabbit.jpg"
"","","PHYSICAL","12inches","enginesevery","ENGINES - Every Cell (12"")","<p style=""white-space:pre-wrap;"" data-rte-preserve-empty=""true"">Wicked emo/post-hardcore with gorgeous vocals. Released on Middle Man Records.</p><p style=""white-space:pre-wrap;"" data-rte-preserve-empty=""true"">One-sided 12” on yellow vinyl with lyric insert. 6 songs.</p><p style=""white-space:pre-wrap;"" data-rte-preserve-empty=""true"">Listen here:<br /><a target=""_blank"" href=""https://enginesx.bandcamp.com/album/every-cell"" rel=""noopener"">https://enginesx.bandcamp.com/album/every-cell</a></p>","SQ0432334","","","","","","","","","","","","","","","22.00","0.00","No","1","12""","punk, hardcore, powerviolence, metal, emo-violence, skram, post-hardcore, post-metal, 12"", screamo, Zegema Beach, skramz, noise, noise rock, blackened, blackened screamo, black metal, rock, emo violence, zegema, zegema beach, Big Stuff Thing, Engines, Every Cell, Middle Man","0.419","33.0","33.0","2.0","Yes","https://images.squarespace-cdn.com/content/v1/51f9e29ee4b0d46ee28f3709/0ab116f0-c367-4c92-aa51-c01c28571f18/engines+every.jpg"
"","","PHYSICAL","12inches","jungbluth-part","JUNGBLUTH - Partache (12"")","<p style=""white-space:pre-wrap;"" data-rte-preserve-empty=""true""><strong>For fans of: June Paik and Lentic Waters.</strong></p><p style=""white-space:pre-wrap;"" data-rte-preserve-empty=""true"">Germany’s heroic JUNGBLUTH bless us with their greatest achievement. Unreal shit, and “Tastes Like Freedom” is god-tier. ONLY 1 COPY IN STOCK!!!</p><p style=""white-space:pre-wrap;"" data-rte-preserve-empty=""true"">12” on black vinyl with lyric insert. 9 songs.</p><p style=""white-space:pre-wrap;"" data-rte-preserve-empty=""true"">Listen here:<br /><a target=""_blank"" href=""https://jungbluth.bandcamp.com/album/part-ache"" rel=""noopener"">https://jungbluth.bandcamp.com/album/part-ache</a></p>","SQ6531430","","","Colour","Black","","","","","","","","","","","40.00","0.00","No","1","12""","punk, hardcore, powerviolence, metal, emo-violence, skram, post-hardcore, post-metal, 12"", screamo, Zegema Beach, skramz, noise, noise rock, blackened, blackened screamo, black metal, rock, emo violence, zegema, zegema beach, Jungbluth, Partache","0.499","33.0","33.0","3.0","Yes","https://images.squarespace-cdn.com/content/v1/51f9e29ee4b0d46ee28f3709/bd5468bb-a1c2-4d3d-a632-87511213a03b/jungbluth.jpg"
"","","PHYSICAL","12inches","circa-juturna","CIRCA SURVIVE - Juturna (12"")","<p style=""white-space:pre-wrap;"" data-rte-preserve-empty=""true""><strong>For fans of: Saosin and Anthony Green.</strong></p><p style=""white-space:pre-wrap;"" data-rte-preserve-empty=""true"">Their first, their best. One of the absolute best. Released on Equal Vision. This is the 2019 1000 copies on white, brown &amp; green swirl with lyric insert. 11 songs.</p><p style=""white-space:pre-wrap;"" data-rte-preserve-empty=""true"">Listen here:<br /><a target=""_blank"" href=""https://circasurvive.bandcamp.com/album/juturna"" rel=""noopener"">https://circasurvive.bandcamp.com/album/juturna</a></p>","SQ2441444","","","","","","","","","","","","","","","75.00","0.00","No","1","12""","punk, hardcore, powerviolence, metal, emo-violence, skram, post-hardcore, post-metal, 12"", screamo, Zegema Beach, skramz, noise, noise rock, blackened, blackened screamo, black metal, rock, emo violence, zegema, zegema beach, Big Stuff Thing, Circa Survive, Anthony Green, Juturna, 2019, white, brown & green swirl, Equal Vision","0.419","33.0","33.0","2.0","Yes","https://images.squarespace-cdn.com/content/v1/51f9e29ee4b0d46ee28f3709/01cc3bbe-7e12-4e1c-97cb-9cfc9f9e1001/circa+juturna.jpg"
"","","PHYSICAL","12inches","circa-blue","CIRCA SURVIVE - Blue Sky Noise (3x12"")","<p style=""white-space:pre-wrap;"" data-rte-preserve-empty=""true""><strong>For fans of: Saosin and Anthony Green.</strong></p><p style=""white-space:pre-wrap;"" data-rte-preserve-empty=""true"">Their most expansive and best since the debut. Released on Hopelss Records. Ten Year Anniversary 3xLP Edition on opaque pink, yellow, and blue vinyl, limited to 4,000 copies. Triple gatefold jacket with spot varnish artwork. Includes Appendage EP (Referred to as Appendage I) as well as previously unreleased demos from the Blue Sky Noise session called Appendage II. Has corner damage on the top left from shipment to me, slight fold 1-2 inches in length, picture included.</p><p style=""white-space:pre-wrap;"" data-rte-preserve-empty=""true"">Listen here:<br /><a target=""_blank"" href=""https://circasurvive.bandcamp.com/album/blue-sky-noise-deluxe-remastered"" rel=""noopener"">https://circasurvive.bandcamp.com/album/blue-sky-noise-deluxe-remastered</a></p>","SQ8557011","","","","","","","","","","","","","","","80.00","0.00","No","1","12""","punk, hardcore, powerviolence, metal, emo-violence, skram, post-hardcore, post-metal, 12"", screamo, Zegema Beach, skramz, noise, noise rock, blackened, blackened screamo, black metal, rock, emo violence, zegema, zegema beach, Big Stuff Thing, Circa Survive, Anthony Green, white, brown & green swirl, Equal Vision, 2020, Blue Sky Noise, Appendage","1.0","33.0","33.0","4.0","Yes","https://images.squarespace-cdn.com/content/v1/51f9e29ee4b0d46ee28f3709/3f356070-4d3c-4cae-b90b-bb66dce90289/circa+blue.jpg"
"","","PHYSICAL","12inches","heavenly-blue","HEAVENLY BLUE - We Have the Answer (12"")","<p style=""white-space:pre-wrap;"" data-rte-preserve-empty=""true"">The offshoot of Youth Novel, short-lived but incredible. Released on Secret Voice. Tour press / 200</p><p style=""white-space:pre-wrap;"" data-rte-preserve-empty=""true"">12” on Olive Green / Bone Moonphase w/ Red &amp; Gold Splatter vinyl with lyric insert. 11 songs.</p><p style=""white-space:pre-wrap;"" data-rte-preserve-empty=""true"">Listen here:<br /><a target=""_blank"" href=""https://heavenlyblueintl.bandcamp.com/album/we-have-the-answer"" rel=""noopener"">https://heavenlyblueintl.bandcamp.com/album/we-have-the-answer</a></p>","SQ4573180","","","","","","","","","","","","","","","50.00","0.00","No","1","12""","punk, hardcore, powerviolence, metal, emo-violence, skram, post-hardcore, post-metal, 12"", screamo, Zegema Beach, skramz, noise, noise rock, blackened, blackened screamo, black metal, rock, emo violence, zegema, zegema beach, Big Stuff Thing, Heavenly Blue, We Have the Answer, Youth Novel, Michigan, Secret Voice","0.499","33.0","33.0","2.0","Yes","https://images.squarespace-cdn.com/content/v1/51f9e29ee4b0d46ee28f3709/d865938f-69ca-448f-b66b-2b8719945f01/heavenly.jpg"
"","","PHYSICAL","12inches","jolietteluzdevora-bst","JOLIETTE - Luz Devora (2x12""LP)","<p style=""text-align: center; ; white-space:pre-wrap;"" data-rte-preserve-empty=""true""><strong><u><span>JOLIETTE</span></u></strong> - Luz Devora (2x12”LP) (ZBR164)</p><p style=""white-space:pre-wrap;"" data-rte-preserve-empty=""true""><em>For fans of</em>:&nbsp;<strong>Standstill, Converge</strong> and <strong>Vientre</strong></p><p style=""white-space:pre-wrap;"" data-rte-preserve-empty=""true"">The new, behemoth of a full length of Mexico’s JOLIETTE aka The Best Band. These 10 tracks span a whopping 60 minutes and are by far their heaviest and most technical to date. The occasional clean singing is pulled off perfectly, while the throat-shredding screams and absolutely manic drumming couple perfectly with stellar bass work and a magical mix dueling guitars. These songs live are utterly devastating. I can attest.<br /><br />Listen here:<br /><a target=""_blank"" href=""https://zegemabeachrecords.bandcamp.com/album/luz-devora"" rel=""noopener"">https://zegemabeachrecords.bandcamp.com/album/luz-devora</a></p>","SQ7108804","","","","","","","","","","","","","","","50.00","0.00","No","1","Cassette","12"", punk, rock, hardcore, screamo, skramz, powerviolence, metal, chaos, Zegema Beach Records, post-hardcore, cassette, LP, noise, st, tape, Joliette, Mexico, Luz Devora","0.8","32.0","32.0","4.0","Yes","https://images.squarespace-cdn.com/content/v1/51f9e29ee4b0d46ee28f3709/3386843d-3833-4fb9-a271-8432909f7335/joliette+double.jpg"
